[48],838
[677678],297013
[87008530],31427248
[121],12
[444435],733244
[234],515
[1157723],1141529
[4602151],4344670
[10383577],7987245
[284331],381253
[99],46
[3322059],3311512
[2700553],1038381
[2405662],2706674
[6860],3495
[1053093],1274246
[23960394],7451973
[2925061],2990419
[157194],267611
[3411],3303
[17],8
[2624543],1312009
[87748020],33316050
[18672375],4416021
[1000132],1215398
[9292],11017
[10877359],14570665
[34],325
[25],143
[519351],789644
[4100163],1214571
[105444],136323
[26812865],14469750
[1099256],1011676
[841886],714822
[2719642],3056412
[1768],5629
[786665],956615
[28],2
[363396],435786
[3115692],2929788
[11097451],11216419
[12841949],2235039
[581802],96573
[1143452],1152615
[6541615],4172273
[1108496],709850
[32754],15207
[48847],42883
[5213641],2889401
[14960],12001
[1060348],549622
[23564],22900
[28],33
[186785],175118
[168332],222131
[24344471],7657830
[2367047],2192596
[4584517],14887750
[44],39
[604355],712963
[250],12
[20340780],23501220
[34772],12691
[338007],131642
[454934],96943
[55956],52890
[2366703],2310810
[46],42
[140317],81344
[2102855],2370751
[62126],56946
[2382701],3671545
[773180],741932
[1456746],662416
[11454],213
[16220987],39982151
[812],398
[1389755],4198516
[636538],744542
[36],2
[5308027],6646317
[1354510],843688
[28993],49402
[50],2
[43],1
[4375193],4072192
[15057836],47016857
[9119],20114
[1054047],1042283
[64],59
[4004],20754
[840050],1029245
[1946148],2016503
[12],8
[1108],483
[67294124],22363041
[1732576],1892838
[45],561
[26732553],28177721
[1833470],6081642
[13768],7261
[4926733],5995389
[393],19
[75905307],24382536
[14972696],33128308
[19],2
[2036936],2314071
[18753584],20032173
[5927302],6694220
[1351981],1556102
[7466788],11429999
[11979],12698
[3384662],1194165
[42283848],314536973
[26918436],81818979
[44],922
[167644],203113
[1339540],624234
[8850241],2728943
[4263024],7567967
[248],149
[10268612],56848525
[14313786],29586445
[1354109],1879167
[4742585],5157644
[42],33
[54803258],177494679
[96],355
[116630],86532
[2925054],2990610
[481],77
[5744003],10169372
[3392753],2848793
[12812041],6639277
[449419],544532
[256280],120023
[422796],1346178
[8095490],18332497
[57],156
[1192387],1997146
[269020],387979
[6082105],4479478
[55],45
[759184],744010
[203],42
[228859],258248
[13],210
[967447],393813
[17931527],17363671
[87075],85618
[24254734],28150437
[3951577],3932302
[1786541],1935005
[28412292],12761011
[11387472],10031889
[4155251],2697169
[8694016],9847312
[91740],106824
[1836153],2945450
[29643269],35390077
[6419888],5291581
[66933],74146
[21867068],22791697
[931198],459573
[983],5674
[192416],2088756
[2723165],3246200
[1292],12632
[15933],72446
[2934446],7813854
[13],14
[41715],27192
[26982],17561
[1376960],1543595
[535214],278473
[2415131],1345620
[223],1143
[49896755],8770496
[16669466],3985017
[57481],77964
[893916],1056939
[604419],740622
[33309],29660
[14],1
[32331433],12500073
[694191],413446
[3937011],3041298
[10929955],2599585
[57976],1520208
[37206973],133915414
[2000426],2218831
[3072427],1267919
[14578653],3476378
[104],429
[12840],13130
[45784],69236
[2334702],2575581
[9817],4694
[2871546],3433275
[34068444],146979016
[166200],116706
[265355],269383
[13698800],4361932
[3301988],3376865
[677312],795055
[39987],22432
[42328213],11957367
[313530],129336
[1972537],479803
[241164],258870
[444552],488154
[87842],101317
[4060],33759
[563111],313480
[23597437],27712580
[3030721],1674159
[1502330],1420415
[16020691],19778058
[21184],21316
[4334146],3674270
[591770],409629
[140263],32576
[91844],69434
[266037],420042
[725],773
[29],778
[736],429
[323],314
[21161154],58986126
[36673385],12670688
[1070532],1303666
[5240],10318
[48171],49936
[570878],450441
[1661],155
[14206377],3411365
[4797279],1357579
[2947198],2771514
[202970],336309
[14083422],9949305
[475127],610917
[543124],369694
[401122],442387
[61616],32529
[240294],288926
[2967867],4494302
[404722],442278
[8337733],9057189
[107774],87344
[905896],659386
[18032],21499
[11356334],19953519
[3406],16640
[770743],378799
[94668],81160
[90505663],35495160
[468527],458296
[1146792],680091
[582086],433169
[256],982
[171926],131640
[345144],378876
[1909],1602
[5019],8594
[235650],194499
[8112062],3347285
[4650],6128
[18780539],17454365
[25517773],26663241
[1824853],917195
[19304650],6771894
[153737],322839
[1910],1930
[11283413],23998365
[5314],20356
[4349],3928
[2146965],8155239
[1482545],757992
[437833],255300
[53],35
[1438513],3402734
[8984296],3199424
[323774],148117
[188],1650
[4889932],4568446
[79],93
[442631],499840
[3459167],2388210
[42062917],163571133
[336841],390941
[82],132
[888778],1082138
[398100],517333
[32],397
[20],5
[27668632],83791280
[1089376],1660869
[516206],1076953
[61],297
[25],1
[4249916],1748180
[16],87
[40],12
[1040645],1237707
[418202],328221
[6],2
[1149149],1765741
[2277509],2504778
[7155103],10453544
[51],17
[1424082],857942
[3030656],2726265
[3404374],7324555
[4882],9842
[2197068],1248879
[17019356],17601365
[7132544],11160062
[178],38
[740392],582731
[13954527],41903582
[1600519],1069051
[4120],777
[1858221],2137953
[5],5
[6284034],6701798
[6414921],2422668
[13969],2785
[30],152
[249],313
[10488949],25498396
[401414],458418
[2274648],2252536
[534717],665228
[68993],93082
[12479430],27217405
[2302503],4891061
[389843],97842
[1294884],1426839
[19109353],5093894
[4475348],6989602
[604679],554134
[2027274],1108456
[10],1
[13],26
[47582312],184062220
[35309],23119
[137728],169569
[5710385],1721700
[29],44
[4841959],1057866
[23534170],60055286
[4744],5042
[27],15
[15027449],28808107
[5174783],4715345
[689211],361427
[77],2340
[25397003],8269208
[236831],729031
[741356],1696420
[476326],499598
[21724899],31241811
[1739534],2418890
[908060],822645
[584],1163
[4981210],22788070
[34],23
[38559082],15356047
[38246086],117331447
[4837655],9233840
[610511],383352
[330753],408662
[6534992],1747317
[8512630],9536222
[3651514],6539903
[83507],83685
[1417825],1581674
[343492],364715
[22681669],8246266
[4167680],6569607
[803548],798359
[277],174
[85],42
[406196],1081773
[13583],22338
[3962573],6384033
[3686350],3529832
[2159564],2148400
[3905076],1149553
[228966],116285
[4567150],4209924
[866969],322988
[126544],135565
[577531],1012740
[156452],295368
[33741073],10808855
[300034],386906
[56655815],18038074
[7872],2438
[43],636
[22791586],25009887
[10101],21203
[1041291],1262230
[1154121],1314151
[10189607],3557392
[38643898],38668961
[3043613],2230863
[1762797],1886579
[3995],1815
[14451307],3224306
[268680],313244
[20584],13961
[9],53
[10318497],20289593
[1080454],1602477
[158],5
[31662837],10699647
[271],198
[3439829],3269126
[4303730],8958418
[3107221],2155279
[3939629],5282211
[23332231],28667223
[4367314],4178571
[917],3377
[1944],84
[24],25
[283],809
[32],4
[47],4
[19],12
[224831],122281
[1173058],555594
[3996759],6734607
[1396849],2388929
[44],216
[14384],27931
[290044],271772
[122797],111888
[7466522],1985670
[3314169],3182031
[46],1
[293],9
[562077],422368
[653655],542199
[14838644],12670688
[20],13
[737805],1506232
[3833],10423
[106396],208438
[189352],184692
[1601],143
[102871],92962
[3842252],4411556
[10121205],8862210
[3098],134
[706191],829552
[125153],133042
[203],96
[466084],236526
[11610953],11952549
[12378234],29054459
[242475],340690
[1345839],923627
[503324],260933
[1431326],1601485
[10521211],21334377
[2711254],2716578
[1443225],964327
[86],480
[549248],673287
[21785],18944
[71],115
[12097551],17895478
[2838720],2573351
[206133],242392
[824846],834635
[18927032],4213440
[481496],656031
[412408],425568
[207],292
[241],132
[11215746],10352430
[37],2796
[5],1
[52],81
[199864],245664
[984584],1072779
[403268],433035
[223262],391392
[7158175],4800657
[4268562],4008495
[136911],49435
[2449702],2680860
[895],279
[2000549],2319573
[1358939],1299763
[2105439],2339935
[207502],156255
[6],2
[8509806],16464942
[866383],923233
[1319421],594081
[89],51
[3155655],4574556
[801462],761277
[5496652],5915090
[18150339],45587737
[2693806],10878594
[1424250],967618
[94571],296936
[1941878],3444704
[18292],7491
[1400246],1498400
[1355],12314
[631636],297845
[386060],456138
[71197],84006
[208],2642
[37],13
[221],90
[233374],192924
[3451255],3304968
[42331938],20142265
[3784944],3675368
[18],25
[1159],2898
[23],4
[4450684],5352803
[6292296],8520915
[705365],339001
[11168705],2550029
[5956],4084
[1001295],1227117
[1123605],1140343
[14517],36030
[51102],77481
[7554974],1456783
[3255],10853
[1658],2899
[4093708],1160899
[1917296],1458646
[3151234],3170677
[136],1132
[52],17
[352505],340395
[172475],106471
[20868397],59579044
[6779],155963
[2424254],2418768
[2561],3187
[340308],532440
[2427813],761583
[6394],23242
[582],1325
[4169435],4931518
[37660323],115517611
[42],605
[12576504],3263146
[7507872],7527985
[24],5
[410913],369034
[8017],20287
[81],98
[790548],3660576
[16983900],17867643
[316],320
[1211332],1521034
[635751],366295
[2151184],2003466
[69457509],24518851
[48],234
[886416],778693
[873979],1073035
[18759],81787
[428417],444022
[22099875],22445083
[32573],66343
[4217012],3359213
[14],255
[3748859],16882175
[654985],804870
[125258],155441
[4184682],4371002
[340225],372972
[1072681],439394
[17171],58053
[19782116],20826748
[277],8
[1550696],626819
[36],1
[3627],906
[82],8
[332814],283587
[166655],123482
[10232],3023
[10913866],39777797
[1434271],916636
[1299],2638
[285],394
[8835994],2208353
[94317],42832
[238823],281680
[3656540],3493257
[1865915],670880
[3852],415
[812664],1055677
[278879],129488
[32517639],31639911
[3551026],14222263
[7146448],3239581
[64],2317
[3432079],4124456
[8679216],33143860
[19879991],80033153
[293368],443216
[8419751],4010840
[17527109],12670688
[279216],157938
[643846],1149705
[38],63
[195435],198988
[361601],212581
[64],32
[1615],569
[1255714],1458768
[5808526],5213690
[25365],31596
[580411],544781
[2518],6419
[7743342],25273270
[34],89
[35410043],123115091
[29125787],91517608
[1235073],1419319
[9622105],9303390
[1002796],828150
[22770432],40898313
[2706992],1117278
[689433],468652
[2258935],3671810
[31789],50895
[15877804],3912984
[30],86
[533715],609507
[17124],8633
[3229121],3334069
[4],1
[1438484],836373
[167061],192360
[8491],45459
[2396828],3275278
[82511],88164
[68094235],22583968
[542531],481721
[707],187
[40178],77236
[997545],467218
[268755],329612
[5629174],3158185
[989],40
[7565725],13927603
[9071],4047
[11159267],40379503
[8],3
[3782780],3727531
[2394],6
[5182640],7435244
[55929626],149446180
[17534],69284
[65335],59798
[551],402
[2876016],2181881
[27],87
[8690926],7179208
[8982149],4482794
[5664200],4602162
[1114],3103
[19318105],46896467
[8469],6903
[167340],268638
[19355765],8384062
[694624],446318
[7456958],1848109
[487989],240239
[42],2
[15772286],6393233
[40],30
[6189078],6691426
[140],40
[21299],19336
[31],595
[4507228],5586426
[54240708],12670688
[6481683],7025688
[36],7
[817],1345
[69004454],23196348
[8199704],8545506
[27],38
[5130795],5308962
[36717102],134393762
[13535360],16876853
[28013],29482
[117726],166786
[810759],863103
[168],2548
[2933054],7180209
[21239],9377
[9463208],8314177
[20981149],8059730
[3403556],5156773
[10648],23577
[40207],552418
[15269],28274
[63],363
[18053723],14850038
[3442083],3270867
[80591],93650
[8940606],6383804
[48],1
[4312766],4042699
[30041],32274
[4583508],9716746
[82624],52912
[426836],492940
[755690],609744
[3849632],3819517
[10751518],14420089
[28820],64958
[14143],540
[31],1266
[15],44
[119719],124695
[3373910],2044854
[3326011],2638849
[778],1056
[4960206],4616943
[2955],166
[248020],181521
[7623425],10643834
[645534],251911
[46091831],13746153
[12],2
[2254771],3726917
[3171245],3272745
[89],187
[1774573],1378859
[1036910],1197515
[23257946],79644466
[2312],5479
[21404966],46329281
[13],2
[16262],62186
[7149576],10519795
[356],7
[229],2506
[10522162],5070118
[117],375
[8071],5133
[2616013],2396567
[19959570],20981887
[46],141
[15225],9531
[134714],79176
[29169],19046
[677733],322949
[10196187],11265853
[375],384
[8429316],10246670
[27838772],10011427
[726017],808000
[10117812],12670688
[4749667],27429387
[3666357],5367917
[5511115],3402996
[46740],36756
[232],22152
[539444],402292
[34],4
[8516],4169
[50],115
[23783058],50644483
[24759],30771
[405937],476184
[15460621],33664126
[225],62
[1145],5651
[9758],7116
[9600313],4049306
[1136745],1193785
[825249],721572
[2622061],4948090
[168322],166878
[10767074],12670688
[620329],709905
[26310674],138166212
[6258161],6715099
[7908262],20981310
[101644],98520
[97861],82399
[43151161],63529435
[31],18
[1793524],1981036
[5746900],20771733
[14563],16123
[581],191
[16644],4716
[48719016],176044442
[8113837],12670688
[748703],741143
[2274],16776
[53828],22803
[658947],344179
[1035815],1274246
[69],36
[1317],6600
[10012],390
[66],1682
[2338989],1852043
[981358],1041462
[1223],18
[21465],32289
[3447715],3184187
[259764],192085
[21382709],20767328
[30],144
[23],157
[4518265],4261487
[452],1437
[2057276],853608
[12406],129503
[21499],29870
[5188738],8162330
[61415776],167151752
[402576],377014
[460966],555659
[173323],153226
[2500467],1361162
[12],21
[4349359],2796598
[14110088],36961456
[90050335],395263595
[47003262],219676642
[1468201],706849
[551976],852327
[10580397],9910492
[623437],510268
[35746],35514
[40],888
[1688],4777
[211],18
[580711],297338
[500406],552987
[1738576],1550870
[15],561
[100356],85688
[781931],1695505
[17700195],16806250
[26327259],7450821
[341786],183913
[2327717],2986350
[3977],5529
[21385],3528
[30751355],43164476
[27],85
[13747243],76368893
[946753],829617
[6],3
[2274794],4162962
[1402132],1553473
[551829],630381
[4791624],4447994
[24],7
[8801875],25441217
[38],335
[1340888],334563
[1689132],807143
[12392165],31345176
[466119],650095
[375955],483010
[242308],325777
[132],132
[395],3556
[725615],805907
[4802729],1644292
[24270],41308
[38459],18769
[255],212
[526175],733922
[904195],1505791
[3343095],1794865
[562119],377435
[180004],170883
[69],701
[21348465],21901236
[2104808],10739246
[379196],347628
[6362811],2164274
[3374],10287
[16670041],7895619
[436],170
[679207],651952
[158841],68744
[69177],103034
[47],1743
[953298],1378845
[14962],10844
[168494],208074
[262961],994340
[2704],6174
[34920],13749
[168600],268358
[24378],19181
[1531551],1958166
[6710428],4495383
[680],907
[14676342],3158642
[714855],1303432
[2249330],2487826
[492631],887547
[45325832],93002803
[699623],919729
[1374927],2026329
[16773824],3968204
[743804],905357
[3725442],3798161
[1988157],2552971
[121438],221676
[218498],239676
[15314],68918
[22972],47793
[51018],42210
[409850],647995
[3908142],9806177
[290008],307201
[195271],94506
[26094434],145296313
[76821045],34441731
[25],5
[4296956],5526243
[26764],18478
[12807],60929
[151900],72210
[24767],59157
[2392626],2606582
[471843],631886
[1523863],914503
[189843],736758
[861722],1748301
[1084228],1220160
[37942],42284
[5104],204
[7680],33450
[915187],908692
[5599290],4977560
[226593],238930
[2427631],842033
[1909],8986
[20327],62712
[27011315],15144871
[3108129],3142388
[6361116],4526792
[7899860],12670688
[8477631],8633795
[72445],56697
[10346],9780
[92530],93958
[58],10
[553396],1087653
[368],300
[435],361
[2141252],2423907
[188474],122018
[5592],7652
[6],1
[551687],745531
[77481],68910
[43],41
[54],15
[5001245],5275192
[299923],178657
[30423],15919
[24777],13472
[15525093],2582792
[4672393],4914158
[21502125],46736963
[106842],87944
[306],413
[32],150
[2711486],4189400
[3537192],1525015
[1120222],1274246
[2203],13951
[1132342],1019997
[1207334],1793656
[676],2361
[161401],113106
[39937433],44853506
[74957],30067
[55],108
[18989651],35431607
[1958399],2930362
[86],74
[374748],520584
[6372994],1649812
[78],718
[228533],106159
[22984],1302
[4019371],1098747
[48028442],235571720
[344652],390589
[5025726],5660012
[56],2
[10056932],22039208
[15167859],3858632
[2359488],2592293
[3286540],3167448
[16523700],27172099
[19689077],20500552
[32],18
[38],7
[12813504],3279323
[838859],442855
[631792],742566
[10668],15511
[4202042],4117203
[3548],5919
[82],17
[1131779],1263686
[4122840],2186458
[1066130],609749
[70998],101096
[1087],939
[56],15
[57220549],16911067
[1125937],723318
[8553150],5680273
[13633302],3434613
[127],4
[11636],8651
[4250002],3379892
[31],4
[3765],3058
[56495786],204832488
[1147926],676155
[60924],77744
[31],43
[127636],69165
[2417205],2304759
[422447],493795
[2375646],4827450
[6525977],8001443
[1573832],2339360
[122414],132801
[40735834],113196558
[3975035],1274246
[1901339],1085696
[241],23
[1870328],2130031
[39],89
[71187],70131
[3892209],3937234
[5762082],3445963
[8032],3026
[614961],810422
[1650],799
[28594246],93925258
[5737048],11395781
[58092],55020
[8205751],14320684
[3849664],3821525
[174],91
[3381203],3198884
[45915],21511
[41966256],141992727
[2315436],2294388
[19809230],19521327
[1771038],2106306
[21203188],36024322
[191863],305116
[52036],39237
[1846425],1967792
[34426856],41885384
[182],99
[10312389],2544662
[12767],12612
[10452186],2841425
[5746824],7521848
[155785],163578
[707213],689964
[13],3
[2913836],2478341
[28072],57583
[32],467
[362978],569220
[1121071],431436
[21756409],62775861
[25775316],30530824
[3555],8345
[1639],11661
[196752],195961
[2394806],9639324
[103307],141856
[930],2766
[6013271],2101276
[2026409],7299978
[28553783],155226314
[4524673],1411230
[2940044],5996434
[8115],27462
[375760],366454
[12743417],18886765
[7654],7686
[27],16
[1763908],1292885
[283029],185594
[1078187],1086937
[171257],238004
[163555],58914
[6560901],7029930
[3177114],2891180
[1130],8501
[18581086],18100361
[4888025],9713013
[27],109
[63439568],15415789
[6071],2912
[1777774],1568877
[56],1
[23204030],7444655
[6900486],12377195
[24],65
[2208910],2350055
[435978],372780
[3424],3139
[1946430],8579141
[4492493],4109355
[50],23
[7215],2550
[13],151
[124],1602
[4769111],5905071
[3981345],1208402
[28996800],8189474
[251823],192317
[1979390],992990
[852352],792875
[709990],500278
[416],43
[25262082],55062877
[9981157],2391817
[510267],610248
[463003],480296
[3751110],2353413
[48973],43026
[3013],3415
[36670],59020
[7843257],16935160
[23250],19752
[1036638],1274246
[415103],182326
[18755814],21465639
[753122],869551
[33691],16045
[26],3
[28733704],9745109
[280],46
[6896130],7450433
[298675],225937
[436025],1366388
[355743],259120
[609885],719854
[69004],34299
[1776],1152
[1400677],2861593
[41],15
[5921772],7508267
[1481],21120
[23256],106330
[245158],490511
[46],54
[1777388],2272954
[1148720],1274246
[241549],86536
[1844560],1060799
[828],262
[5375124],4706589
[61768],34890
[3284575],3624263
[5017004],9297425
[3839822],2550704
[117],1035
[13929248],22069968
[2941859],2955329
[1183220],1010816
[1562561],998259
[1091],1449
[25357627],12073610
[1182332],1257642
[23620792],19897165
[1146755],2061385
[13120950],48113797
[41328],29669
[8591463],2540888
[43498869],21537017
[303314],253317
[1481391],590310
[27094849],28607950
[11611],11059
[2723790],6337107
[3165],2077
[3835150],3817896
[35546],43084
[21438],9640
[87331],55929
[995430],1231412
[7636515],6470556
[66363],74401
[7382809],5557176
[29774317],171670240
[10531],926
[7906635],3405656
[7384943],14061790
[1465670],1009925
[284504],719681
[3769064],3520403
[768741],487741
[1726975],1816415
[1310012],627161
[20087845],57369295
[319520],440531
[2825453],2188849
[4057226],1177602
[635602],481054
[1130296],714775
[58],319
[28146],11168
[27683078],28388630
[445796],237089
[453052],299040
[919614],1087677
[3698292],1924468
[17883919],95822163
[11982913],37460636
[14530],20944
[9620961],9348982
[292394],220101
[1320],307
[2249],933
[8817555],9255825
[9116727],10309363
[192020],233335
[41],118
[2964041],1286004
[10734134],5787495
[1354458],1250614
[25],1
[63314556],24598707
[92],126
[161],2
[684211],774118
[140],301
[88],81
[594366],433669
[8536783],9123452
[2577118],4509020
[364247],243432
[4744204],3029927
[410801],742689
[829458],827091
[11464678],13947885
[20521390],77105179
[11],11
[598601],1179391
[212083],264782
[9],3
[1222071],1274246
[19],183
[264507],267031
[27371108],27741299
[94065],54952
[1138],3351
[29406631],125771922
[403],623
[3688144],6279017
[345429],331197
[44],180
[27],1776
[32],1
[12808],9742
[115],124
[33795797],7357451
[95218],164911
[519],21300
[1275121],1659268
[10403],10178
[221359],242913
[14],6
[131787],174603
[119],6
[14261803],15369877
[15556449],35943689
[111963],49062
[7458545],2269807
[1797024],2420446
[2747237],1808399
[1656918],1835008
[2713495],2429483
[1038687],611930
[26],2
[621256],324600
[255379],313416
[1450367],1342773
[31725919],9396653
[75393],37381
[14663],53067
[2010995],2145822
[7311692],3495114
[447634],318775
[3555550],2157905
[4372],24600
[6763],8164
[2214116],2196840
[17],154
[297976],461797
[2039328],2677141
[494731],601607
[2153769],1287033
[2470704],2636554
[96],42
[11075],16060
[9345102],12679125
[6211046],6180931
[532],29
[3750526],3478012
[244384],135535
[48],20
[125170],108652
[29436],6793
[757],1433
[17699016],16819208
[32039],10106
[91229],145747
[9990086],8212042
[145],645
[3342177],1129120
[50],144
[2711312],3085879
[30115934],162858642
[14608584],23612720
[55],1655
[13904791],15313530
[14137410],15388371
[13149874],5900815
[1379669],731955
[8596214],4798120
[40],1
[27021916],63667267
[41],39
[3499397],7320605
[487817],1011354
[357513],280306
[286188],143567
[19897750],48851757
[1474],3761
[580],1465
[12],54
[33349887],161050504
[167],6
[9455403],11954185
[219334],680363
[490249],565980
[267973],268050
[51297891],57791271
[21309],16385
[2432],3844
[8446723],4544210
[85675838],31720191
[14717652],18417760
[16],56
[3683892],1190546
[204],37
[986107],1194168
[2952280],1647983
[1238043],1117600
[61514],33229
[762542],705019
[1647479],919315
[19053],10434
[250855],289461
[15825785],16236638
[13157],145
[1182],401
[2541528],3312722
[3],1
[37978],36929
[2479654],723936
[85],68
[8081862],11245281
[84],399
[213],174
[61992198],25974548
[17],305
[172],292
[41149],43123
[1497458],1977695
[25098],10598
[29664],32372
[32361893],12673062
[22439904],22538621
[2792141],1123900
[4899488],7755803
[5511567],7112129
[16],17
[1739],10304
[1664910],801923
[4316891],14429465
[134768],73774
[240553],176075
[937654],347710
[12146468],15126246
[1328],481
[13372010],23909157
[40264],38647
[440516],413666
[45],34
[3821790],3567050
[8350789],3215505
[905668],974018
[103274],54660
[40],116
[894470],738091
[10839764],14524145
[10725957],2903811
[25],18
[56688],59971
[8876091],9280336
[3558380],923828
[19456],17526
[1747],2022
[1405121],794571
[10368415],9976778
[300825],187995
[5189552],17449229
[42556760],17200279
[3043985],3101431
[43],133
[6943463],41826111
[49161],40004
[1829202],1345374
[2062496],2526978
[6478940],11513909
[9954610],9451286
[289308],266453
[95552],102338
[300810],266374
[231],178
[714516],700468
[3469881],572824
[28],9
[44952349],134455885
[88],224
[4864596],9901870
[8798],1425
[17132],17752
[1900702],2171877
[429290],604100
[16988989],21542832
[83],48
[2703146],2813791
[5329],1703
[24286],20918
[47],147
[1525110],5126154
[14804298],12670688
[6912],102445
[1317989],269247
[52],1
[816243],683373
[573868],514397
[22708],22925
[3437834],12494618
[56775915],20373717
[5028099],1870752
[829212],887235
[636111],659015
[3027238],3049296
[321],73
[1271],895
[23],3
[30313],138019
[34629],34596
[299],15
[66232],100520
[14870347],3515245
[962627],1244469
[68603],42138
[1724560],1905665
[1272015],1440214
[455662],496765
[1477],410
[1232012],773084
[27413251],28557654
[4896168],9734625
[982874],1224837
[68334],36660
[6024685],8349426
[1236135],1274246
[4976250],3304867
[36],290
[542775],601626
[13462],16006
[27387221],27583753
[742301],903904
[6],7
[2356712],3679514
[170250],154778
[1252912],1132106
[159307],131759
[46],138
[68],1699
[21039579],100094515
[411],1894
[244],449
[38906],39838
[20476520],21238025
[57],26
[39],45
[149747],162031
[222819],129120
[297352],348321
[11170352],27825240
[18046125],4300983
[2368145],1163985
[474193],751467
[49],48
[1744747],8101208
[17286086],35182975
[413],723
[45],602
[21626887],20938567
[12640561],61133040
[1236880],1429100
[65969],63771
[991],262
[24562909],28421208
[89266],91330
[12082573],8370000
[157471],202236
[4035629],11906789
[146081],127199
[142838],205803
[1730],225
[1195628],1476939
[1078569],1281573
[2740725],1002349
[17029274],15071506
[6417011],4709454
[344653],343036
[3481498],3336038
[373015],370833
[1096751],571138
[182315],164111
[2426],4659
[391600],88856
[194164],138672
[9896971],2381180
[2918437],3002793
[47603475],12670688
[253],699
[6290680],4434889
[397207],320659
[1470],6464
[18316051],21318452
[54687006],12670688
[59339],56579
[549980],681850
[1839700],662213
[3764648],3746419
[145672],175871
[181],5761
[12039967],4086471
[6322142],2595968
[939310],1190424
[20102683],31785949
[14448988],95475019
[8286165],3011766
[15672761],3744598
[655729],559185
[7129],65108
[1502348],927775
[1141730],1274246
[44],14
[11376],22146
[68433989],202541827
[87],30
[4774],13007
[13193835],32712991
[28],200
[47496397],133973517
[1029837],1461684
[1588841],1362404
[3350090],5453192
[21766551],30632871
[40820],48093
[38],22
[86607],71951
[262888],138617
[1016684],1052228
[222],331
[421758],400437
[60],323
[9434112],13455840
[2022348],8147427
[3781152],3538848
[39479289],8425394
[748991],503332
[526],1092
[37],465
[4392065],14806659
[2543371],2574060
[531326],754670
[67542],71025
[36509497],433559077
[19774285],15471846
[20],482
[3006],26698
[3748765],3649323
[9120],6963
[7338317],22254183
[685024],349314
[1906050],4902610
[265437],280503
[582437],344709
[4819312],10502715
[6940],2651
[511264],611169
[8989863],2660732
[1236960],1073704
[3717],2511
[30897],36174
[2008295],1857471
[50],24
[3031867],2846661
[764295],1513041
[3538777],1656965
[3566491],3502095
[3766542],1774819
[5359853],12216494
[5715547],10204622
[250211],234863
[767],427
[1547529],1636369
[731807],392704
[1998106],3203732
[1393279],1134591
[881784],1487773
[36044],29744
[54599],45945
[50428],90067
[9573],6690
[768292],953509
[417195],596677
[1245647],904776
[186],168
[32556751],108264382
[8058296],5070101
[59],97
[159451],382939
[4701902],4297003
[352093],144750
[2629663],2465838
[48],78
[1469345],1260916
[108184],40530
[360],108
[23],12
[846],1190
[25319],19109
[47509],29568
[346874],412497
[58],400
[12170],16991
[118],30
[282379],192321
[87],533
[1954277],2205835
[46],12
[13],17
[26304],62338
[10752912],9021188
[610424],154035
[39782],68379
[873832],1776818
[2575023],2869002
[583110],722711
[27],966
[38],231
[22],9
[9659933],3082846
[966],10071
[1366828],1415687
[6409271],21866280
[4354],189629
[1068530],506277
[3550],4492
[7904492],4702262
[907225],1152708
[1605517],1539843
[304144],28067
[597498],367622
[25913],19725
[608023],485199
[16704901],16773187
[7100],11461
[6991669],7748435
[924645],422830
[19],22
[1018889],552862
[7035],2586
[130015],143028
[25],1
[784038],899395
[4865383],2090311
[4140860],1201791
[82],7
[10560979],15278341
[10506],129891
[536],109
[6010812],2818668
[50762933],56467254
[19],63
[30],2
[150296],484323
[139],385
[9736579],27981306
[45],35
[44770],114331
[127005],111888
[1241668],1081567
[167096],189656
[17046149],26101850
[128493],86826
[345],726
[7932898],2010943
[19],5
[1578],731
[2997],13376
[62232],66698
[167438],224912
[43],9
[2333226],2578140
[234628],200341
[5586064],8155629
[191],1524
[23251366],25771298
[93717],83341
[10069471],14946666
[15588759],6003621
[116933],99214
[12196],9481
[1329354],1761339
[1112453],2892583
[1949],4763
[71759603],22253129
[14757954],5605381
[1087490],5116993
[902117],1028500
[13466],9406
[2444],1980
[5834364],3430125
[4422768],941151
[1377905],1577979
[255532],223427
[202127],199076
[92],13
[1069524],1553487
[35],347
[7108956],7230604
[296973],64101
[313],487
[5698000],3346065
[31],779
[9597026],23352154
[8857020],7421510
[2930802],4141386
[2679212],4210919
[416454],383861
[200746],170339
[3810587],3784432
[6965631],2362469
[1739952],1878221
[214286],232749
[7726916],10926366
[6635981],2414214
[2247475],2420350
[11778782],14360723
[1031716],1273184
[2382554],3021251
[6126880],11171678
[4786226],3287802
[215],637
[317254],483966
[16290315],48830895
[88],1
[13],656
[285],609
[683584],738068
[8115381],2462042
[18062],11709
[50987],52545
[5427786],17613592
[8151],1350
[22353333],23870265
[2418473],2826499
[9049],9437
[121],54
[303851],417944
[7633910],6535964
[535083],682527
[13728035],3465448
[179],108
[42349],37055
[5364577],10215855
[43287],57833
[2434],4165
[44],8
[239201],278025
[259],24445
[21],53
[159520],141456
[19021038],21642239
[12539877],33258175
[1446848],455074
[328],1748
[193],181
[774545],849974
[27883161],65653150
[14746290],17288368
[921440],568458
[192670],1376446
[588868],1005989
[28223],51399
[24],11
[299730],269233
[149],3
[31],1
[200237],239324
[286768],496758
[1193],5258
[1500964],652956
[81991010],33892929
[21615833],24534243
[102973],83514
[2910],2401
[15173919],3851735
[279411],550652
[54626],171082
[355079],740451
[556],723
[204656],163497
[5164776],2440735
[1952],5946
[646030],746741
[98],68
[312636],142233
[273681],369093
[680],1609
[870178],962277
[772742],1234891
[40],43
[1403441],1082953
[370675],122728
[18650608],4161543
[164780],83967
[132748],41418
[2846551],1494318
[302],3469
[215155],311847
[3925615],4586697
[5714399],5469762
[26343510],44884068
[2216292],2325689
[4177344],3995193
[100501],95862
[43],4
[10588],4654
[2091524],849012
[106],506
[302132],373402
[43],260
[10409709],35463041
[158631],172494
[33937],10884
[16682750],3560342
[824624],3481364
[2115],2172
[13],2
[6251],12483
[204335],59506
[1074],5257
[1108291],1314176
[33],40
[17546],4142
[2836638],1407181
[3000563],3488504
[4845086],6378299
[265783],283940
[31],30
[2643472],2679766
[1690398],1938219
[238863],278245
[4519914],4330775
[4746619],4388540
[89879],39686
[3629421],3445209
[2343265],4542806
[26144588],29287048
[2060939],1455833
[55],2
[281],1302
[227185],353001
[425472],378133
[18510172],32996314
[13],230
[150],3
[43],415
[2861502],10480442
[114677],137108
[6],4
[31],7
[1893473],836428
[4818946],10138180
[293062],352616
[8679577],7612619
[62621],13527
[108],65
[240811],302548
[51],25
[793305],371120
[117487],67995
[1119637],1105906
[13839],14139
[8877622],23985495
[18462586],4223107
[191986],149008
[6840103],4348577
[194],2193
[662957],604056
[84829],19707
[1041632],788173
[18188684],19327272
[4028414],4239444
[223409],145165
[1177983],1216062
[1550],2323
[661219],213541
[2479754],1580506
[6916848],2736148
[223515],238834
[48390],34560
[23575843],25231996
[47],239
[262764],278418
[41564624],153504199
[14],1
[350901],244582
[2980329],3444999
[120666],136572
[13574959],24305210
[43],5
[35540166],123954107
[8394092],13842209
[45310],40609
[752],154
[40],90
[37],122
[1421930],1643614
[44],108
[66507],52790
[400346],179982
[709997],742525
[164730],347835
[12],25
[72],35
[84225],19403
[63019],153241
[1203],6148
[3893866],2992268
[316],4054
[890],6942
[427389],247424
[2950802],2912197
[1068517],2556644
[1145688],1781571
[413111],555536
[16],1
[10298],74514
[94],6
[1065632],2769140
[39612683],114611775
[773965],4125516
[2793688],2784794
[3751851],4367171
[645707],692621
[234222],93894
[219910],256294
[10870934],2954175
[943987],3757185
[57067948],383595361
[2954021],1494952
[488965],568847
[2923],1859
[91],97
[12398],5214
[14262],10541
[1553307],1038752
[1006334],1211129
[4581296],4201607
[1474539],1501045
[2630269],881499
[1096249],1798209
[1142510],418635
[2344363],2541846
[1009040],683161
[328207],457568
[2198364],2395835
[1143862],1178225
[299878],499412
[39927130],203949681
[888388],850068
[1071843],470351
[14870382],3515846
[3287],12219
[6879179],6436446
[7241390],10091442
[595],1776
[3879586],1145745
[17521670],20984623
[4679777],7042373
[237901],351194
[1171930],962490
[6642849],3071180
[10322546],15513403
[23598307],27745898
[1048192],571879
[4084612],1900694
[109889],128681
[1602143],447476
[431902],536763
[64],2
[20732],9377
[501],95
[295494],209862
[17],1
[29],1
[9529463],1890789
[1299273],1188901
[3008193],800670
[13876318],4447472
[28011490],143529754
[378158],374721
[35887254],149522368
[192028],234152
[31296080],61691330
[107183],71798
[40],127
[48608],55815
[27126245],121293385
[1850577],2126803
[3831],3138
[551317],657363
[84470],39468
[650836],550826
[3068422],6679288
[1923],2826
[1613096],2662516
[17296818],75244346
[2049042],2560345
[46592463],13915736
[64538],72287
[1441278],2167301
[1755507],1177446
[1261691],604722
[46],5
[31814046],69745102
[319674],467830
[46],33
[45],23
[21994],15815
[15130106],45524551
[35362],104836
[5048521],1834102
[37672],27116
[4073840],1274246
[1548499],1628608
[19210],140095
[755],1888
[6334],6839
[2140257],3231295
[1462168],2419813
[5728],4181
[1146284],1450495
[6633165],6335879
[922982],1104013
[28993318],12670688
[2406],18
[18860605],109590869
[17],26
[42096],105676
[3699725],7317287
[14508879],4014391
[1145269],579149
[33437],36470
[18527479],5504164
[3434578],4366492
[6370229],16112483
[7415],8526
[334850],233508
[6],22
[7110],5132
[44],2
[197394],218062
[90],32
[1278],446
[73202787],22576827
[199375],172624
[60641192],151867477
[48],1
[404922],440874
[43],286
[12652921],13466386
[1907228],1971578
[796677],692754
[43],12
[5],1
[2413500],2067797
[2962776],1287819
[253147],167020
[30],239
[230456],263562
[251310],306800
[3995149],1970378
[164418],224291
[17184955],20248157
[3040607],1212659
[50],387
[11316033],12670688
[1704929],1485416
[1847684],2058387
[263],142
[90426],85281
[1401630],1485986
[243937],389926
[250],527
[15],1
[3093121],2003444
[258],237
[7024449],8467123
[2703178],1553182
[56967886],229146989
[90359],101180
[44602144],233517476
[36605514],12733912
[40],1646
[46213928],129283666
[55479],110908
[32316],21130
[353632],408014
[12],102
[48],42
[1162175],1066791
[10],2
[983],39
[484126],511578
[6434499],3242072
[408],3515
[1267],1264
[1490079],1666152
[14],1258
[11105793],3011344
[10343739],20710936
[36169],21934
[27],32
[94030],96763
[163496],152914
[8966592],3215612
[18094661],4332228
[11034467],14273399
[804304],831762
[13906445],51843484
[27],40
[223701],186774
[27225052],72912618
[8976192],3835855
[22],160
[1210],15283
[3177],8724
[223340],245441
[9957],44013
[2554804],1003207
[118],4704
[103876],6950
[102388],74449
[49],442
[1256059],2557023
[9349336],10722529
[829068],646059
[6285],14571
[195],532
[2950],4764
[77166],117746
[10431],30961
[3923786],1789077
[4114],9632
[12],91
[30702],48290
[4722076],2767702
[246305],154417
[7043],7381
[9451],4055
[4836],12779
[42],1
[3381175],3197881
[690],158
[30],70
[3754],2405
[17295070],20427076
[32191],25623
[4797644],9242279
[6199521],2603873
[634466],373311
[40],31
[54],21
[8817398],2200993
[729400],906135
[10323025],27650821
[1529810],1049530
[9164045],25538685
[19321459],35511516
[15],1
[12857762],21047537
[32626696],232265531
[21640777],24625218
[75],46
[48],9
[2797873],2481104
[35326],8275
[39249299],123368884
[27476426],157517013
[143141],122142
[6200],1951
[1779011],1409587
[3217841],7112042
[114440],88338
[667276],743247
[222916],279058
[1085],5772
[1893745],1456823
[47],52
[361],620
[171279],194595
[2127640],1395793
[1626248],1663552
[27579],25542
[358429],142791
[34],345
[11240978],20500437
[36494090],230873794
[779017],755808
[11299],25314
[294045],158278
[8313],12765
[867479],538680
[56238165],20215288
[66],128
[164],49
[7005165],3928493
[66030],104527
[582424],861025
[104702],26977
[676120],280073
[3168057],2759896
[88],703
[1132618],2397667
[40155744],211166869
[935488],450441
[9349781],13270072
[11443],6547
[26],2
[65],1
[71],234
[1539356],884200
[3758517],1664669
[66342],72723
[192],1599
[282613],196443
[3031972],6925120
[16268366],10401715
[41],166
[32905],33197
[1537],4020
[312757],320012
[3578563],2512886
[3753323],3631497
[2540114],1699205
[1416],381
[2913791],2582194
[7775845],18548425
[74621476],24130698
[2610],1538
[9216473],9702539
[335],1137
[28],4
[1829670],2454716
[1616371],1967169
[38012],21717
[412813],274998
[388822],723527
[5293676],4137557
[64],77
[67990],65345
[82324],85983
[674927],1263720
[454681],694333
[5552841],10698299
[2040332],736096
[686496],804826
[13716826],19733345
[5519331],13074696
[1465392],824180
[7814],594
[5092016],3697132
[17108626],19149123
[200140],141342
[177749],182269
[41],60
[77853],460962
[6105160],5223320
[1473211],3151997
[12410743],7260994
[3396],439
[13549014],15548467
[25838],40983
[691],2522
[1637656],1015885
[2140697],3787503
[51],81
[43],27
[256],5717
[147855],490985
[13781],23523
[169531],157519
[14084912],3496915
[16],4
[40],2
[915137],1061545
[270054],263241
[142256],144952
[2718],588
[376224],538711
[50],19
[18244],7297
[467941],398969
[48],374
[28],2
[916217],597105
[1711359],1766199
[89],1217
[88],128
[5846648],3492339
[260399],353292
[17250546],18863723
[88865],103476
[11927732],23144982
[7683611],8160859
[1224459],706355
[14448],57041
[1153],1001
[1921858],2389670
[49],286
[209646],252311
[375],630
[792209],458470
[143],377
[2367697],3311986
[12542919],5058835
[919669],1360296
[4121311],3976904
[4920949],4594715
[206611],201569
[4846613],9812218
[1166],102
[6581262],1684825
[6047004],4840221
[202],22
[3916757],3821596
[30234762],99160075
[4741576],2434382
[25395946],37223562
[5452015],3697680
[80869],87312
[338291],179184
[797],122
[2165501],3943517
[11272],34802
[282045],197442
[3101094],2148578
[1995795],2215414
[1221662],1378453
[91],40
[3802761],1533350
[2029768],910736
[35],4
[467847],260997
[195225],197320
[446146],544546
[2294],950
[12518366],36182116
[2091420],7363591
[3433],5920
[4196535],4949581
[40],34
[12192770],17115457
[249149],620638
[26673],94564
[221671],158753
[376070],617361
[29905269],123153366
[49476195],357772155
[22],166
[2167961],2162755
[45270],38323
[281244],149499
[3769127],3521098
[12468],17738
[2964795],1621510
[578928],958548
[872057],614748
[768586],950758
[323090],178116
[3006985],7334259
[16489531],3911792
[12400831],23507376
[1411],21976
[857958],751073
[961912],305711
[5],2
[203236],249533
[3120163],2751156
[401951],455476
[58984],146279
[945393],969637
[350],18
[670],1607
[5699139],21204537
[401932],455661
[2997],2323
[189],215
[238],769
[73403419],313203338
[61601],81066
[518],13
[53],593
[2400690],1809081
[100],6
[28498973],30096183
[100696],103260
[98676],36127
[11179],15385
[30],1
[12964158],13778220
[818455],1162572
[34415069],178415744
[90],151
[4059363],4919693
[5810557],5241773
[702284],420596
[154],516
[4945560],9851889
[20518121],125500391
[76],59
[921288],905739
[875447],1022433
[12653027],4491600
[11189],13379
[54989],40057
[61],106
[180327],154544
[13873],45132
[2959600],2927125
[3558955],15905672
[162824],221851
[7779646],27379487
[51],2
[3843417],3771325
[1248385],1483790
[1169002],1284670
[751135],826317
[4850694],9068632
[1126136],1127998
[39299],47004
[390],2040
[25343190],7312976
[825420],829266
[1734923],973853
[215235],203343
[391],956
[60077],244917
[415111],405080
[48540181],209341947
[1716445],1865836
[157],295
[3388383],2408807
[166969],111503
[890822],1557328
[16038206],17815848
[14196],29657
[1963085],2184930
[438126],273980
[67114],27967
[2390988],906025
[1070374],903963
[3578061],1028401
[2055709],2088777
[2026016],3627829
[1357833],1870044
[4546589],4742249
[9583047],15625263
[9921560],3681903
[41],2
[10886],12029
[3231717],2752156
[86],54
[42],29
[130333],110339
[1850385],638480
[7867793],5159047
[4278420],1264522
[6683014],8378335
[90],122
[38],30
[10791066],12036168
[1454],1238
[14388],18929
[576595],563196
[39941],46002
[73828],100615
[7263240],8062293
[3901860],5413745
[125563],178152
[395975],389305
[357037],495168
[1445137],1293474
[190683],182442
[108],156
[11167829],37026907
[15231],39205
[18173],17049
[18195],6882
[30489408],29690915
[52],91
[3331810],2438717
[3354],2709
[20714685],47470011
[112],67
[1420382],1079115
[269166],265273
[463403],293889
[25044959],60888929
[1146759],1311242
[1439650],1252232
[1471],1523
[4548947],21429633
[919489],346755
[340441],204181
[213],66
[254],23
[6429757],26635063
[4701712],5526620
[24693],22916
[164903],284727
[266396],353160
[6399],65794
[12835],37495
[68703842],234143931
[606579],336821
[41],434
[158],90
[4637768],7474409
[1923820],1228119
[27285],25523
[2815523],2897147
[29850172],118627983
[28],31
[32],98
[304],1286
[204984],134317
[271008],253978
[1282],790
[84007024],32891494
[162],28
[10495012],2269296
[28],237
[73832],164365
[2333317],2572352
[2262096],2865113
[3369749],919726
[36],1391
[89],445
[5078243],6495893
[1427435],1175391
[316300],244178
[27],5
[4283632],6850439
[7707666],12670688
[424075],482248
[1299239],246671
[2175400],2442078
[98424],122443
[16233567],19807678
[48],203
[437],869
[180],505
[10566329],2569238
[21621360],33570660
[156632],212412
[49],124
[2280953],2443262
[814],2048
[16],2
[12116092],4299407
[46],561
[21617890],24566721
[15],2
[638],193
[150],24
[23486454],27018075
[3810995],3874797
[265057],344739
[21767820],109997954
[162310],317184
[240318],87358
[195355],294705
[4189177],5829329
[7434543],4529650
[13931],42286
[11073620],10441350
[31],30
[6888673],1787680
[509927],809210
[57780],64087
[727125],1568023
[17350289],18830821
[2434728],1704693
[1732118],1822785
[43],864
[1112458],894683
[840059],1032585
[118306],199199
[117],273
[5180],60001
[27],280
[32],105
[2308850],2449385
[5672072],6209077
[43],23
[2854353],3314396
[35754],11819
[32],2820
[3664801],6236088
[89609],505404
[236],1344
[116190],129499
[21314074],24285982
[16834],19714
[8042216],4883399
[1816713],2850016
[6638870],3134276
[49],192
[40],6
[6725],7440
[867802],914896
[881466],875700
[96436],174909
[6068432],15107791
[13248],11047
[25850140],30804615
[13399957],22402270
[1128124],1065306
[1533572],1686837
[12],2
[568480],455634
[3769342],3522279
[70610],38150
[2913701],6560138
[1099041],1751188
[3977692],5489474
[11728],2432
[7255032],6079841
[1025347],1751725
[1700710],1525294
[1851109],776551
[4180097],6836148
[18600427],13102206
[75],79
[2130548],2291661
[10584411],2566863
[3026968],3041128
[55],33
[1847],685
[5598],3119
[915],752
[1880583],766407
[45340],44162
[47],100
[83074],108200
[24589705],57495630
[2669634],2029258
[2854],23572
[3430125],9104765
[463834],272587
[79090997],25953612
[460346],202695
[5928],7555
[195520],213876
[13275913],12670688
[42955362],127469895
[147],29
[763632],324908
[2661546],2717801
[217238],302488
[40],121
[22649],19496
[13435],33387
[84797],131332
[54],17
[1760170],2580744
[7893673],9229174
[40],63
[1516903],500629
[4870],6973
[896238],1061613
[7167279],13464654
[1106376],1138915
[168796],101278
[9572252],12188906
[1778388],2122367
[747],1892
[98769],96239
[20320],3060
[1933665],2806973
[5427],9002
[414288],507089
[6483626],4658281
[2340127],2303172
[221912],110008
[3023878],737291
[1759992],2121146
[57374],75234
[42],1
[5453039],4725976
[359],227
[908479],594929
[68031],51375
[103525],221904
[1113374],656004
[17364467],4084527
[81994],23272
[9940866],7800129
[28857],30040
[2004],4032
[464002],539873
[60],98
[89],201
[21875207],95157593
[2296972],802984
[2080],5061
[48],192
[9799352],14692654
[724703],1939077
[368414],454522
[2217209],1723656
[9382030],12512414
[38698659],107194444
[2307497],2915351
[296],909
[1526109],824694
[575548],278664
[5457722],2205355
[198],1062
[4780],462
[18],245
[568758],1246614
[1376574],1241967
[823283],1159207
[16718393],61597149
[15],7
[30879],12018
[2996748],4914589
[6770],2184
[1693395],1844163
[2400],8803
[3881409],3894749
[294831],660467
[4837655],19249113
[767727],786759
[11495116],30526532
[2326483],2058908
[222058],251219
[7651575],9445862
[20311368],80092062
[42029273],183490804
[5006],27917
[623629],313707
[34046659],150617951
[2283202],2501999
[1036431],1274246
[277],3843
[5098601],5359286
[7295714],32385043
[25858317],30844764
[26],1878
[1184],20641
[3789821],1735350
[149415],130498
[7327087],11354879
[559],772
[1821],308
[17376],13261
[3570038],1675097
[4597754],7103427
[1351],13582
[34846],36983
[1261900],1370630
[195227],197684
[126],294
[97356],156876
[77],7
[253],1207
[11961490],30295684
[5124881],5157653
[314201],218616
[2207516],3972373
[343170],383770
[5233155],6962778
[104528],49466
[521013],675053
[243],1986
[1404],157
[1011153],711975
[398989],214117
[1271469],911328
[3338],2905
[12583923],16171946
[27163328],28494929
[14343514],24192514
[21],193
[7873],9845
[386166],284402
[4998047],7427233
[503933],562741
[12728139],13272857
[26],39
[1039951],851242
[284544],692200
[75603],90768
[178],90
[2278],1070
[254929],184193
[214714],234414
[17707],118255
[30],39
[160645],167982
[412301],150085
[551060],466926
[242060],26207
[30182645],29447348
[41],148
[64020],65087
[79],1286
[1113583],706404
[73],132
[848533],1437039
[4659539],4456708
[46672],27620
[86219],64674
[3188527],5482738
[7110436],9358374
[46590],38667
[20698608],31278533
[6200008],3474564
[3267541],1234719
[23],4
[14295179],32172330
[521925],452271
[9410227],76521120
[3529940],3352974
[520108],537661
[818738],696244
[3609449],10934723
[85136],42638
[6028791],6989856
[70167],30117
[478919],263625
[70],457
[9081707],6886387
[17],65
[48],2
[549295],672939
[691796],1429985
[922],582
[140900],327572
[1436000],1510777
[5339118],2961356
[88819],91293
[6174],47507
[3286],4565
[6439634],7847419
[177],260
[252],923
[1904172],1083160
[13824363],25738007
[1052284],764239
[236],8
[99563],84190
[167064],126500
[2562979],2833992
[26851691],124888658
[454262],337372
[1410532],870812
[1511076],368988
[1986168],1245303
[3807919],3832177
[3648914],5971544
[74289],36089
[15184188],4774075
[4069434],1901317
[2477570],2651872
[2359418],2590363
[478347],487301
[547987],304780
[14602715],15622776
[2509661],975999
[669],1849
[921],714
[798157],634440
[193],353
[67],178
[27546885],28309561
[10983367],2490953
[31937],57605
[170397],163162
[9268793],8078409
[40],69
[387170],238072
[12506613],14989341
[644454],760286
[23902518],27595063
[300631],382937
[28298642],140394913
[4795386],2965944
[862914],410873
[124],514
[537291],868655
[31324745],29251877
[29284372],85531548
[1184644],631654
[54],1
[43],465
[503866],405134
[1681044],1832689
[81],191
[80152],75270
[90835763],32334029
[714493],255850
[12713165],5273639
[80],24
[10],12
[1157060],1462951
[642844],627390
[6784596],19331237
[9302610],14953880
[14012],9685
[7388526],12901308
[5077651],14606001
[325497],427851
[49668],22515
[619978],469589
[1976150],1530348
[24390],18087
[22079941],148704378
[6169315],1008131
[382582],426377
[237961],185406
[38476],25360
[211611],299430
[878338],624865
[164114],193456
[42604502],11778970
[3374817],3240229
[740434],289583
[13685906],18590534
[5233074],1457490
[621563],579993
[60253],67755
[1755088],1879357
[735],250
[132309],100359
[18770628],21476462
[625844],589798
[109811],130700
[45],116
[349887],366430
[27],20
[10364249],7993626
[51],76
[127006],106230
[16083712],3785490
[2008968],4830689
[341],3852
[31002942],33004718
[11861588],34983350
[447593],274387
[89],260
[275540],137665
[32392959],169323515
[149908],68317
[177],6
[4578492],13421216
[452880],169167
[236],317
[3753270],4225570
[29667739],5776641
[9310776],5902323
[3933109],3993953
[448314],299349
[56395],29932
[1478850],706355
[70845633],197655154
[20128968],101685095
[128],230
[88],246
[16819],12327
[11],2
[16305],13148
[3055883],3114715
[687359],890676
[223666],180923
[640849],835488
[755033],230743
[72939],71138
[334455],371661
[49624],108624
[192],208
[5667178],4342301
[12674905],12670688
[4823388],4455061
[66258],35459
[173432],148494
[229],38
[2641436],7146129
[7018],6584
[26300165],62990352
[2035360],1952144
[486858],206587
[116856],218974
[2183586],4131893
[3037330],2740995
[316348],376026
[77],8
[21],3
[4475843],3523328
[2138975],2209262
[939],203
[36],23
[1657393],1140327
[10],11
[79709252],26798924
[486727],513284
[63867],67142
[879634],1631604
[28],37
[7333912],1797897
[4502423],3195488
[85],70
[22026],36774
[195530],204771
[279447],356359
[183],580
[826],506
[2956885],1139862
[218824],312349
[7426627],11655750
[18744467],7286993
[25982],59769
[10778000],77598020
[465428],637796
[391],49
[573304],513282
[1577939],754308
[236813],440180
[1230602],1349045
[11383],2240
[51],148
[88],325
[67655],61668
[706857],581509
[619444],512202
[7856],5502
[9298],3888
[3158692],3770262
[4299485],4220379
[8795096],7337358
[197012],183352
[740061],795884
[3002008],4982266
[2085],873
[18107],36140
[806641],736983
[85672375],203578815
[6425],6809
[86],11889
[13247],28996
[729171],426142
[436072],340871
[1806],4491
[9975510],13215406
[8652],1814
[4780857],2907802
[14037565],3477390
[10392630],24058339
[27666955],21399133
[33396],16431
[141574],88632
[11187],2276
[165],270
[33837],129298
[2271718],2260728
[315693],428945
[16609145],33191299
[35],1039
[32],13
[52],174
[15266],23184
[2315233],1133559
[20578369],35753085
[19221],20233
[658240],314429
[1565855],977143
[1952],3069
[7674225],11552234
[9920],5832
[2935674],2876300
[2400065],1717654
[422],155
[31784215],96662936
[22929446],14132871
[77729],78892
[4002],3565
[369819],252922
[134],613
[3769082],3520875
[19233],492330
[16],16
[5949918],6444458
[12205],19988
[51413968],57926058
[43579],43734
[2668105],1285877
[10920719],5684839
[9350814],7480894
[24],5
[74132],91923
[586],1325
[2982399],2056564
[10773003],2214440
[2249619],2146275
[1566],1425
[32],3
[2711541],1070004
[300617],54358
[3280239],4155104
[42],68
[1964301],773674
[5685319],23931879
[43395347],12817356
[1453939],715973
[1073195],1095537
[95109],107065
[8898874],2624056
[1157],6907
[39751],33938
[2565],276
[4181185],4006970
[36362291],89371025
[33],304
[104887],75703
[3798636],3546103
[23412],14841
[61],22
[572],1133
[21669],12513
[1182152],959206
[33469],22645
[22697505],33357042
[3782033],3556278
[10],28
[1627],41218
[20241021],18421274
[10455281],8400386
[4639318],4350874
[7308390],39147744
[2292503],3556772
[1015074],1068192
[890760],1524289
[56],61
[168771],200375
[31],7
[17],6
[30],70
[85],56
[5317451],5677299
[1022801],968365
[21018626],33504202
[14315641],26428454
[231762],210693
[21312706],18582774
[785361],613412
[1583397],4665625
[851752],991065
[61178],23920
[373624],404973
[213091],165885
[266892],265720
[1976829],2921592
[18557],12599
[101],166
[12],27
[298234],139011
[68689],72027
[371410],466814
[2053520],1102723
[4558037],4194715
[202128],227154
[22],13
[2137284],1133097
[8874814],23900796
[161],922
[2399939],1880278
[6390028],17540885
[40002873],37163804
[7328150],11002255
[2264],41
[1354],803
[23691164],25917809
[73671],53439
[23124],29857
[197138],37761
[4149],2319
[14839156],47493236
[63],349
[3703827],4141648
[12992983],4697311
[1695751],645461
[287062],286745
[49163],141096
[51409],32592
[3278079],7209513
[1958189],4102777
[63],187
[21707522],18814984
[37],905
[264467],62558
[463958],235890
[89],112
[9302],10499
[856320],1080314
[38],40
[22878113],44225118
[611688],567061
[28747304],33132092
[974780],1148612
[16],279
[9],6
[820635],440237
[1781414],856632
[980419],964948
[6185319],8057780
[41],1
[37075],13954
[16384],23857
[518000],367780
[31],9
[4570149],4208825
[2737530],2517499
[63],132
[3602491],5347617
[657359],646364
[16858639],17472801
[723424],1466736
[25269],9391
[1359],10592
[320449],170354
[1455408],1684318
[11457],4536
[2236646],1403923
[212],95
[457314],890676
[81],12
[1985993],480383
[5451412],5441062
[205113],221322
[190023],453746
[2822038],2246327
[102],27
[22042],8627
[2633],1155
[5866417],5454222
[1016896],1355150
[4601719],3009431
[364],229
[3338253],5213346
[172170],191283
[3353338],2128882
[87612703],298904262
[161235],86217
[1316034],848756
[4109763],3306547
[22625026],109827984
[150720],314761
[211680],243161
[168],22
[2807140],2795378
[4842391],2626961
[91741],123220
[5082779],1496538
[10412717],2559703
[2423242],7252396
[15907508],12670688
[90666790],32614206
[9014031],22901284
[40],125
[25138],29173
[3309573],6631699
[1025927],440596
[1562546],2476862
[1819143],1841514
[301],1350
[82],373
[4548389],10411010
[373998],134361
[1591237],1577142
[6369396],9201261
[2351160],2553391
[88],28
[285278],161634
[9091679],12633648
[28624690],102610978
[383279],496586
[2602298],1315627
[60175],53935
[4578],6412
[25404070],142632403
[7531610],18542875
[9157717],4710859
[18],1
[31],14
[191359],141014
[19327456],35576913
[15501],32326
[153],20
[166309],187477
[7],1
[9225803],4974879
[5257440],4008037
[1344924],765105
[28438925],55514383
[27401976],27607955
[36],6
[3873],3275
[5599829],17164157
[12811371],13555184
[3964],54763
[4086521],6333531
[231],46
[333886],159913
[9600],13662
[122],1073
[66],65
[1443139],1275210
[16827739],13141590
[6285],1548
[105],193
[166],1799
[282],4747
[3077710],3227923
[160155],106939
[22244630],57873844
[173542],41269
[710],632
[31],3
[11970994],15858059
[1760608],1800972
[4085292],1747236
[624],1017
[1153779],626775
[2739077],3093512
[2654],10771
[992168],725315
[11605749],23684263
[42703],33203
[6415638],10678683
[43795],52166
[29965884],125546073
[25],1
[45181],30020
[5157781],1422065
[272371],319220
[479899],3134565
[222165],185222
[2183472],2439190
[390],6178
[33649],34034
[337996],86920
[60],80
[2023041],1481671
[3870869],4596147
[4452420],5274900
[43],1
[9942651],11677412
[19084739],76829516
[476008],451359
[366465],481190
[653253],729828
[1147705],540416
[10630],2217
[2187229],1478437
[950583],416730
[21158538],93378056
[9499248],11972882
[507140],283161
[12],16
[2188345],2818289
[1438542],1659899
[1133203],1136394
[18152605],18841902
[82730],34740
[48682999],142804015
[4685929],2637449
[542755],424419
[125],700
[13902874],18921201
[48],165
[867854],838903
[19],160
[201],492
[2568219],1276334
[6685152],17555966
[25917],9306
[302673],378985
[147068],133677
[1061442],1032553
[255922],271896
[200],7
[10871748],46358618
[2195345],1173231
[1297],1487
[16],5
[780213],853271
[1662503],1861076
[1979447],2974409
[112],33
[17233900],26445592
[40],105
[48885],51936
[419656],448902
[401099],169457
[8350],2572
[53],25
[20414216],34507765
[2012341],3084520
[1328948],1412908
[2280953],2443120
[227],169
[11],5
[576708],666601
[428226],529044
[24788406],32894838
[166],73
[376725],281551
[32],2
[3701],9946
[7],6
[186823],206884
[13856633],15390968
[531068],355007
[18],30
[591439],826337
[80936],139004
[35],54
[28],5
[1496],9
[1406378],856871
[885532],1049002
[143041],504867
[327663],447190
[601499],334161
[33],246
[56914],84567
[46147],207836
[2246056],4582748
[32],14
[2980176],3902663
[1233587],480316
[58907482],209733506
[89],1125
[14],108
[44],85
[883409],1158588
[24526],17397
[2003830],667562
[10042],4933
[341467],377510
[5354184],2433637
[372056],397756
[460236],593926
[664426],776877
[850898],899606
[1126],610
[24497257],152000095
[1091604],1996151
[14177337],3557259
[97178],128718
[270026],76340
[1503161],662748
[22297722],84731145
[2050158],2133735
[1023337],1240286
[544025],534227
[27597698],94920580
[8924070],10016244
[28423713],35426350
[483736],677541
[115],330
[3515],9749
[218909],224904
[282360],115593
[11161165],4459752
[1646],3868
[1236817],1647418
[22560449],30412601
[11],1
[1034],221
[42],260
[17535280],19524378
[16289734],11500144
[3385793],3793414
[7],19
[8397356],50863139
[380068],919259
[1727096],1813580
[3595],13255
[1243395],768663
[6035217],18220542
[4795739],12467749
[297],5688
[23983024],29080426
[10],19
[471],8393
[3965],22876
[998938],1193170
[41963262],110494657
[721206],947534
[69],1446
[129135],79754
[7759],9733
[52],31
[1272688],877154
[18306950],12463027
[8452],39587
[12052471],12670688
[15355],21345
[10106978],20868520
[219],635
[683141],756656
[142],37
[2362719],977911
[230982],353326
[242716],487854
[6034859],7073920
[17735312],22910089
[600803],714093
[3432945],4840920
[630853],343816
[4907],1873
[15],2
[1039896],737879
[4671021],3205151
[68071],24500
[17],6
[8155],36060
[206],350
[7397],3144
[1830547],2287668
[14],4
[3060],610
[24051],10534
[2978518],4660042
[8710219],12332811
[163048],289861
[4403076],30132403
[6392156],11855025
[62],102
[55089],13658
[27],1
[41],10
[18520849],4204012
[501420],1220136
[379990],229269
[244408],223678
[3439956],4168498
[345718],447516
[23],14
[1653],68225
[3452613],5955482
[14235764],14543460
[1367],1381
[2809364],3455739
[13764302],7439807
[114477],22923
[535755],597627
[72711],56981
[361924],432321
[2168711],2317023
[126262],97576
[1608750],1848829
[443581],425568
[17506],11162
[2099679],2897862
[25],32
[22],9
[26],1
[3527901],3391838
[2197507],701474
[61042],137115
[6],6
[16772389],3993612
[152],5
[3482897],3305397
[5468895],9369020
[156424],301491
[2697165],2350927
[151],5362
[3446998],3274373
[479],8342
[8046798],12378355
[146205],167360
[1448549],1724615
[110],538
[222536],347213
[24],2
[2195],26023
[5633],7092
[32],31
[263266],225632
[29],41
[694],1287
[1480025],950694
[951947],345572
[57003],62892
[27],3
[614],8685
[9173737],20122661
[10608],39114
[182],48
[348],657
[10058427],19273089
[140973],104236
[3114],5697
[4598],6626
[43],2
[547459],592024
[35],143
[26],9
[4666980],4737678
[2477538],2650231
[3312802],3403022
[1150492],1274246
[748852],487278
[10345215],1527068
[19649367],45200582
[248427],298798
[563],1051
[277],221
[1559],11523
[10],10
[302657],640693
[14227],6323
[39],7
[57746],88290
[4943033],3102069
[9370],82939
[508178],488102
[59399029],19177847
[17815072],21110285
[11822],153
[986219],1166037
[9724929],67765592
[7],6
[218274],260794
[86424551],29863915
[3031456],2990111
[46],30
[47771135],158114582
[20930918],63900629
[1132925],1361887
[41],8
[260],695
[753589],519008
[1349010],446436
[1019809],1160088
[49],514
[237],2342
[40445],30086
[3532921],1876865
[526568],299235
[20],1
[6608038],6485719
[95810],99705
[4316486],6190465
[478692],275248
[217369],305766
[184],430
[65494],70640
[55821],120910
[3840594],5912738
[4571274],4208328
[27173],39425
[14799054],4637194
[7118692],8718956
[54],3
[4646002],4483330
[42137501],12359600
[36],20
[165307],245057
[2224783],804424
[111821],69391
[394586],461861
[20927359],9192653
[1746493],1490229
[210922],120417
[748],2304
[527],3
[645744],718296
[6901216],1734348
[7845364],2353753
[342607],89748
[3812441],3713124
[7956835],25739143
[837225],1107102
[4564724],5993773
[315],2020
[4267766],3379185
[647926],463868
[140329],43819
[4452483],7595932
[92],379
[292394],198280
[244810],32394
[1839768],1239196
[252828],250221
[178],10
[47],515
[1027525],1501964
[2038821],1874100
[12527121],3253451
[684652],454035
[1299780],1582119
[24819696],79930589
[8258998],9051323
[34995264],12079771
[428276],443000
[9325],8526
[19433846],72644813
[49840],29989
[73],543
[317],76
[1974759],546477
[88835],151385
[24],24
[70156],47114
[9193260],9114086
[45404],54142
[6842],3951
[106018],130357
[57],7
[78331],115135
[583304],742300
[13982346],9417380
[469614],212142
[1152736],2503305
[1478147],833498
[943578],1138831
[107],54
[12563591],27920406
[22],34
[173],730
[68136672],53178431
[31778358],95236636
[58728],47990
[30881],33195
[4102342],1274246
[1382],19663
[1512282],1354335
[2167],1113
[584486],362336
[8869361],14473925
[1109266],1347819
[913488],543012
[383643],84942
[2710754],2471348
[9],1
[29888],4790
[66],48
[1481585],6594815
[268756],441804
[15290],126393
[38204],38508
[56],172
[7089037],10390579
[176],107
[89],180
[541254],399972
[2126160],879841
[585],29
[1144104],1006019
[3994830],3918638
[909722],941554
[1212762],2267649
[394581],362662
[211],319
[445],480
[58958],52527
[855873],502550
[166],69
[18545088],4166207
[55],63
[17844688],47602591
[1120793],1362566
[4928],2309
[21686807],96114712
[868565],1084665
[21],17
[12],14
[27330458],7159945
[117],61
[4502193],8104449
[9790781],9778260
[85397],57348
[471],9
[385536],1109914
[439183],766296
[1181355],705399
[368927],423209
[25999266],29332677
[490884],499827
[30],36
[44953],58388
[13145028],36472625
[21782163],12084978
[1698051],1930075
[50118056],132311278
[3267071],6147820
[226437],526409
[686368],459978
[34],9
[2379194],2216272
[229],219
[725118],160714
[5816135],2423093
[8661444],8546221
[478619],573936
[1900797],3671786
[581025],708754
[436153],426884
[30292],56835
[48140],42064
[3465],4142
[26283784],77925803
[6317],8244
[145],141
[59767483],22374461
[857031],1068085
[2135768],1170959
[21491722],19221295
[71],199
[31112837],64170926
[26868298],10152905
[7105652],13625959
[2112254],6137571
[46250977],124272958
[1986109],2596371
[2683072],2604582
[1360686],1198535
[42],101
[2378882],2414405
[1895],8
[323883],368451
[408143],400062
[11807808],2725549
[8606],34165
[480],25
[776330],2771974
[3031615],2851872
[3584124],7924627
[40052130],39863872
[17717060],40040288
[20696049],17501949
[1053],406
[1958],57
[2078613],3372159
[1788],11841
[499307],561269
[43],7
[1328739],1677740
[83],423
[16655737],14880356
[221],145
[210],207
[303639],328236
[5564612],4430555
[212],47
[358266],394174
[10774707],2761205
[881478],484971
[689214],1106364
[26],114
[2786155],3750033
[21561],13059
[90],3
[127334],119727
[23809],6909
[106057],167814
[2815684],1063450
[59160306],20886545
[26],22
[18266075],32180646
[7],1
[80748],84988
[3778307],3843492
[6481082],5688802
[7280],6127
[3444741],2841491
[53],788
[1453087],1811909
[21184188],49984281
[38919685],60339702
[1124237],1274246
[174391],825421
[2501035],2602411
[961305],1297979
[5291027],1447244
[45320389],188735246
[49],59
[5742112],3379866
[41521],33962
[575284],341501
[548746],277438
[94354],85543
[48],591
[242702],353562
[77516],85012
[259961],315001
[13463],3593
[72431],76882
[7330],4461
[500468],565439
[5066000],6172904
[1388926],1207478
[32808399],9168317
[127],225
[1330089],1027110
[1114928],525070
[240996],273949
[12578373],21368329
[43273493],159473292
[169684],142054
[5887541],4008037
[44],12
[33645],208334
[1114435],1324212
[4331],12645
[322432],824468
[2138606],2312463
[301347],287440
[36975973],14709511
[43],3
[11635137],65692339
[25590632],89898894
[4362986],2933652
[1447796],974641
[37537],37544
[2733],2296
[2811335],8118366
[1785069],1995417
[176841],120891
[19481133],29283976
[41],1
[3634357],3463106
[17455879],39453245
[22277238],44634620
[89813],97028
[25754],76303
[20665927],44570858
[2090],18716
[19972],40684
[477225],558041
[926981],367435
[6174],51315
[4973470],1893495
[4804117],6304499
[3194538],6003576
[915624],1400364
[22],113
[18366950],13900534
[153267],198114
[1223149],600339
[462598],326794
[23253965],32681953
[73596],28598
[11484678],3187691
[122946],101142
[26194372],83183915
[5],1
[30],172
[43680626],147122845
[27048531],68398875
[16617],24543
[512689],345193
[466924],701432
[3947534],7695340
[15124243],32615564
[17903769],28418725
[41018],73141
[3412560],3089586
[2972815],1243355
[1536105],2109092
[5354840],10196535
[465019],441439
[31344230],59165385
[308878],625581
[185792],107827
[9976483],9922924
[1957],1564
[8146],8495
[44281],62721
[2025026],864903
[421545],719676
[954475],1341924
[11905615],4792092
[3357447],2438779
[247163],269384
[27],8
[122425],245576
[4261757],2301172
[117678],34676
[15],28
[5783359],6347403
[1431],5526
[3323082],3411496
[7712690],2355883
[46],358
[3577840],4117801
[19],12
[63980],119284
[203],130
[111973],39057
[784],198
[495370],1009641
[2557241],3107616
[1265113],1409242
[30768],15495
[45],88
[21253896],31963525
[211],169
[36716448],87174852
[1114998],573814
[267],63
[1289947],713253
[43],92
[11411367],3973318
[5776],4648
[4807],638
[479350],516374
[1293636],2812822
[173439],161867
[2518357],2316228
[1655292],1552279
[475335],497524
[37146],35122
[51],707
[6762610],6019224
[1105657],1356575
[955900],1131076
[38],6
[1693339],2515032
[142],1500
[50550203],331809997
[193345],128793
[52],500
[882873],1136443
[10712842],59270902
[1291594],1894483
[205],687
[618],754
[738018],297781
[63],155
[177],143
[46],559
[85846329],34561489
[1120604],458532
[3638006],1712565
[4108522],3611227
[15],17
[1183592],836519
[782582],623586
[22041],36192
[77],38
[34156],12524
[176],391
[705746],838321
[490],1192
[5952437],2695108
[5180],5565
[615334],360878
[549],440
[2476431],3339335
[11399],24
[5285720],5107743
[1773326],1918641
[8419460],10039501
[2054],867
[7020992],1724367
[1180054],783630
[1073630],1183287
[4669289],7077066
[18965688],23394732
[2453],5512
[152],87
[706838],536096
[20],1
[1430],905
[4193403],1350382
[3955418],3904581
[6988095],5665372
[2256844],2200368
[6657176],10653088
[29461],65286
[597007],1123999
[238],513
[438531],602320
[5267682],5209011
[890],75
[916309],944967
[2878383],2858028
[2977846],1621697
[7018212],4235213
[417881],296348
[51401],89977
[26],14
[2324169],2069517
[20697],18060
[774115],1269404
[8905743],14633839
[1626295],1750129
[323],1704
[1700178],4684433
[26139646],13547589
[2369485],2485255
[272],127
[270164],133248
[1410728],1350178
[320],2742
[146],12
[583365],420058
[4665199],5131636
[4889],7920
[203],5957
[415],1473
[79975],40027
[58828],56880
[818651],1064313
[3501940],1330601
[123],1847
[4682721],6498655
[353673],314123
[71028],42690
[2059633],1758272
[34],33
[1370478],1214775
[124],22
[1043773],1160018
[4246],3321
[8706285],4354840
[792582],1499753
[6392847],7056637
[7119],109697
[828774],998537
[462723],316568
[144831],130068
[7702380],6732405
[13],43
[7168941],11269436
[271560],138010
[1717002],1947444
[539573],625426
[682548],671278
[4841118],6238510
[4736905],4408120
[773707],1390901
[350],107
[1833588],2127470
[1034],5866
[45],9
[179990],266407
[23334589],18280108
[12138167],12597432
[244039],246006
[4909372],1781253
[11791800],7659424
[3274],1862
[2687814],4716594
[157143],116375
[155051],392897
[11611491],11914691
[4388833],4359715
[1867],315
[639392],628215
[15605635],4636597
[71398],72754
[42247],16071
[113340],130461
[244489],501677
[9868],18454
[3122408],2739335
[82518],73209
[113],255
[5532110],21572598
[992356],484138
[50568],37231
[17044852],42402654
[157740],164294
[35222641],42901949
[9925005],30027626
[2548678],9446842
[200656],220667
[2462894],1025670
[1142],648
[4721487],4444895
[7],1
[32288],36156
[8],1
[6475536],3491355
[5089256],5635566
[19],112
[6890229],8424544
[18594788],35200074
[20099],11504
[78872],94252
[1202144],995431
[20083],48584
[128260],146677
[759922],792297
[264388],359141
[6094056],1471397
[13733014],13161664
[690566],1493231
[1146112],715217
[2705],3340
[6290702],11438565
[332],403
[1050],1509
[69],106
[803953],763832
[1119117],930468
[1078086],1318085
[370741],414768
[2143445],1015658
[2514993],2291438
[4519022],4323131
[92764],31155
[327255],244102
[4171],4896
[5385039],1163974
[142611],141039
[106],211
[415377],535461
[11825750],29965580
[1223184],1538000
[1553491],704352
[45],367
[3458517],3593328
[20299],9984
[294953],199105
[138441],125664
[17744888],24130698
[10318301],19390648
[9214687],11623318
[85],1
[12],109
[55664],119727
[4485213],58654767
[288],1614
[608110],346834
[1316895],1920505
[265],233
[1351948],1556524
[3607141],1993327
[639920],667951
[633337],658940
[2155],1509
[6035813],9917346
[9962756],17079334
[269004],226782
[1544166],815464
[13081245],45166678
[52824],11579
[587669],711586
[31909245],52389960
[166203],193982
[262622],372643
[1181511],438439
[46766235],21499892
[12543501],13864192
[9517585],17905810
[2876063],5394228
[1452],2676
[386],2587
[2023],642
[12145905],10659825
[26447107],17324491
[312],1
[10],1
[166],55
[47],370
[495326],356274
[223151],162551
[23654518],134080846
[1571245],954151
[106],2245
[1131894],1343588
[249],28
[28991147],12041232
[6973056],1896804
[6727492],24556705
[2372891],2861254
[41],231
[4299583],2227670
[3752948],3650730
[12543068],13580540
[63044],57139
[1210503],732028
[315771],239081
[26737512],51661887
[22154914],22847198
[53725],51701
[833],7605
[3017191],2553609
[4276360],7498043
[83338092],28166197
[8377361],2512383
[74805],46747
[10],1
[8],3
[7327],6038
[3454260],3326189
[11665],7599
[1711463],1762321
[16484199],24852346
[154],277
[43],316
[13688966],6421310
[3049390],3561543
[1020042],1113656
[3258],3688
[8953254],3324598
[3210378],3324404
[3714438],4676700
[3530423],3361221
[6243],1548
[565561],391591
[112441],63273
[364],649
[82],12
[139],435
[3219728],1523018
[4763852],8313579
[56689],61665
[9878],10680
[10831802],16533757
[148239],322388
[3230933],13242600
[649],18
[619675],605090
[2713118],1655286
[632637],1029487
[15725511],29400656
[50],7
[3025921],3111787
[14323796],15965735
[13],9
[6388387],3829546
[1446447],1639918
[368052],486036
[65],238
[323],3171
[1548549],527068
[41],21
[8530310],10384916
[1747],220
[30754],49610
[4596759],4269783
[192],179
[1012300],734695
[596938],400165
[6818934],8248870
[38820],29247
[8966069],2651872
[298],3382
[15066325],4732767
[10],1
[26],118
[2301239],2546676
[4925866],2264746
[14688],2608
[241],17460
[241754],309187
[56488],47800
[8],11
[11],1
[3954656],3774304
[17],3
[831159],481172
[16169689],6402167
[1625694],1662011
[5339016],1380742
[2422182],2369736
[230],216
[24968],22264
[954451],636738
[2492708],4019820
[3706396],2425085
[15742965],3907557
[20662340],7912656
[580752],807477
[4469440],1584686
[1734090],2400263
[1057923],1264091
[38156335],130473932
[31],293
[374794],163032
[18654511],24130698
[22571342],13292008
[22359925],19960933
[43601],44674
[277630],360763
[16029],82589
[2479654],3759304
[3586],14899
[7819252],1893725
[899142],646438
[3174999],3295126
[24682],31307
[863596],907273
[16597794],23406476
[4506853],4326365
[1294872],1561013
[3961616],1223851
[369681],916046
[17915353],18658174
[31],2
[4740725],4474949
[1350104],1553926
[112297],163530
[11034927],3338728
[154339],125182
[3174497],2083778
[58739417],185990843
[152],144
[56],23
[47],8
[1326890],821109
[16653],1093
[8808],22239
[7489319],9090766
[2469456],2268028
[245436],35286
[4397144],6573800
[451056],362939
[2111380],2370616
[681598],440628
[19679],108854
[36645],20045
[5202217],10226660
[1046219],1050870
[21818477],51668834
[33569488],170616734
[1438],7057
[11098665],9288953
[6389436],11577086
[898],3140
[104635],91252
[22441505],22560989
[40],3
[4412919],23842427
[1421072],3788302
[384],4519
[32],58
[534],1973
[38195189],95271374
[52],6
[760],161079
[190],5882
[4901754],4443602
[3418770],1421851
[328474],482847
[4023378],3120776
[456937],470090
[12617377],2886164
[773],2203
[282721],300269
[8380689],15290884
[70],131
[18938],8286
[44],17
[343356],321741
[343],865
[513748],294365
[39975],47515
[1581327],596702
[412918],503555
[10443913],2861343
[5388735],2395887
[6496],100018
[48],723
[23397097],88961079
[43786],6834
[10324],6603
[76255],73440
[45],6
[13678065],15118747
[3667046],4488624
[2381800],983305
[1026],1503
[19925781],72639411
[957514],934835
[6638],1579
[541835],463527
[70],63
[10540105],15247603
[362875],351495
[39484124],15328873
[4519269],14002907
[125019],161204
[368],292
[6253720],26443187
[46948],41748
[83],183
[204146],176011
[435627],552843
[295],643
[28],2
[754191],233763
[53015],23710
[53962],77774
[238055],227780
[3146341],2547957
[35019072],12191414
[983286],913140
[73910],84488
[4043703],4014657
[1303],145
[507680],344733
[1852243],1996554
[118878],31926
[4447928],4279819
[135273],62283
[5694655],6515584
[11005576],10641958
[212290],240993
[806692],735772
[20348206],77758873
[68939],188190
[43],17
[352107],280023
[2812509],2037748
[1992277],2474856
[1662187],1131619
[90071],47602
[51273],53244
[472849],221388
[6448],13046
[14126942],10854432
[94249],69108
[3098551],1178622
[17],550
[104566],74010
[30575],225617
[3287016],858224
[54],152
[64],1799
[6877],2748
[240913],290762
[1313150],594597
[4690160],6846608
[1775565],666995
[25643172],32801632
[43],6
[12142411],24034840
[662],13
[10213623],43629486
[1167985],951227
[349],96
[29],6
[122271],97144
[2520013],1124006
[306449],340614
[1124830],609189
[81636],74197
[30942732],12670688
[543],1765
[4585236],4190211
[64760530],19456842
[126480],433920
[107009],122028
[24447240],29243147
[2163851],2456303
[1919522],1786315
[3222332],2232866
[23002],14381
[88],323
[486783],554044
[214210],528099
[567217],678127
[1003265],914917
[226],139
[21593],43973
[21986287],22469434
[19644578],19053871
[62465],59876
[1159958],1201016
[18571522],3679220
[406212],470098
[2960709],958069
[2179654],1300642
[807172],991845
[19335],18897
[356220],410089
[1415785],1788242
[4130578],6824561
[1474860],2187137
[414],3
[4407],13034
[71],13
[995215],923420
[831],3217
[148322],103141
[140393],360853
[94369],381558
[1533000],1695377
[10],2
[298],63
[17774],12631
[30],21
[6040],15265
[4200],13630
[41],44
[17912285],18936854
[295],338
[72556],129917
[12514],11137
[9497080],54898064
[49949999],14667080
[12817],7295
[218],200
[38],15
[1394920],1574946
[80556],95177
[23],149
[29618],27888
[1071461],514511
[23480534],4496897
[19118],32183
[179623],122886
[8450641],9978586
[55],31
[1087186],1784078
[2603474],2445087
[1716704],1804166
[591142],738549
[9125544],11145089
[46142],20199
[6600084],3031615
[5131],1352
[32],7
[3061233],3453099
[24],1
[1278],584
[28163271],94634840
[1598334],846821
[14274],9049
[360080],255951
[270681],186983
[2249271],2480924
[3103934],682787
[1427096],995464
[28886],35056
[354040],197552
[1383],4741
[38398],20515
[10784],3449
[1589671],1270714
[12415009],20748721
[15817677],33319824
[15991726],16408203
[4],2
[241],51
[198445],185585
[156],116
[1260],11303
[241940],283484
[21359078],24529794
[3633],229
[4960719],11557568
[3521715],4436225
[791085],873763
[19344192],20839943
[745302],790981
[14341008],3201351
[22546961],7271271
[40],73
[4540954],7774061
[2977322],5975943
[4248305],2285920
[24],46
[2498491],1940808
[351136],398825
[797685],456844
[12033],9232
[25349488],30215955
[829281],960853
[1564],3592
[3387670],3233674
[2015361],2561482
[1678362],1893172
[6811139],7450666
[1939],21202
[494791],444772
[5731],11120
[1084976],1085803
[880],4012
[14801236],16658691
[6467126],5581242
[87],5
[16],11
[243],78
[268919],222560
[43],305
[3547270],4457056
[70925026],26571197
[274836],151216
[1875],3041
[3958],1999
[1923561],2237660
[23],6
[370829],414040
[7453989],12031325
[409],364
[3135761],3911486
[4241002],1598610
[679475],873558
[2611162],1885835
[40],160
[83924],49303
[954229],966070
[18951757],22118347
[1330322],476728
[350049],66888
[26311925],16221658
[3530599],3374414
[43],167
[6265912],12968815
[1746759],2027527
[4804923],4430342
[4742332],4406514
[2242465],1128638
[216684],184137
[4437231],7564405
[26947],37802
[337],328
[95],189
[3235581],3234527
[73216],82163
[43307567],126577621
[286],397
[124363],336510
[22829420],23794735
[120],3
[94],3
[197462],245256
[1156609],1274246
[435501],263346
[10],2
[2100651],2071677
[6209495],5059932
[530868],259579
[253016],423108
[41],9
[407],91
[545],3082
[1716],2274
[40],57
[240260],123709
[4908899],2023764
[16683822],75212132
[128247],79634
[91791],51300
[4817920],4427734
[17320402],18470226
[12741933],14207695
[16929],49996
[19],1
[65234],2785
[4413354],1871047
[6395478],1214780
[153499],200233
[3881644],2577641
[11135662],2500822
[2198503],2190499
[660],3444
[23],22
[56],3
[676838],496412
[28503446],10802293
[13504],12348
[2878359],2856797
[5541517],6066347
[2336476],2464294
[24254676],28148624
[18850001],38608324
[12],2
[194],28
[140555],117824
[4511614],4123013
[7213],11384
[12213910],16354356
[21793561],24692949
[2839209],4129147
[700426],863307
[2086333],3431410
[1443753],1648992
[60086548],146507839
[2209215],4791400
[16302328],3891082
[1923541],1010423
[179050],125981
[35],392
[155],1083
[27756],54150
[57021760],208470189
[463998],248035
[6212582],6112184
[46188329],188061986
[26207799],23138462
[7846335],2105622
[100],414
[15569995],16892742
[185],283
[3399997],3789147
[5332038],4144209
[30],54
[55082656],196822119
[3240],273
[79224],80563
[965540],947467
[9899],37662
[2076],2976
[4766917],2417968
[55419789],211241006
[18856972],29042893
[15],12
[44276],61349
[65],1682
[1751],2144
[261583],119163
[366765],403001
[3396163],3638385
[9239107],7513868
[361251],268326
[8128215],8946570
[9005696],10282670
[597116],368332
[12089240],16204139
[3753118],3865640
[34],5
[27147217],8239032
[901585],1243593
[26004],14583
[13057935],62707942
[556],442
[20141129],28955192
[9],4
[782448],496307
[12339],17682
[558],570
[700845],499966
[194234],167195
[93171],61172
[1532030],1777529
[125893],185225
[183120],146708
[13486],12481
[1255342],1274246
[20758695],20579284
[146095],107804
[4712228],935014
[70553],65687
[4558920],4221685
[48],32
[44],16
[2671558],2389476
[24],1
[8750661],2197708
[1145044],1381693
[245],388
[1522171],658924
[37035195],95071090
[3134110],1640286
[29559047],25291056
[44],13
[1051882],619926
[6822],9466
[84],3
[58],34
[23899],40292
[2064421],2107968
[34724653],11231877
[49663],37295
[14552520],3447985
[31],22
[45],160
[27188176],27786331
[30924],53630
[4745293],4391331
[124],1211
[3108296],3149821
[1481699],1597791
[29279],41443
[21493256],27321443
[4360248],4046459
[19027756],5563923
[226295],568618
[211786],225735
[7251306],3893394
[423017],441681
[13771750],12818510
[296],10
[6221274],6120001
[39],73
[5998040],3574769
[33564858],59928559
[3565868],8776954
[23517387],127781099
[836837],977079
[212825],201396
[137364],132382
[2325],5496
[4259791],8389919
[41850],12897
[14482],17622
[61079],79439
[486991],353845
[67],143
[19441334],23290256
[15],522
[3065516],6606420
[249],1059
[9],15
[26],236
[3925461],3765028
[138562],142841
[328],44
[18221],2782
[879],1813
[66],176
[10215],11105
[3381581],3205060
