[42],838
[250491],297013
[45480440],31427248
[110],12
[417802],733244
[285],515
[1724046],1141529
[4417344],4344670
[8114783],7987245
[440352],381253
[79],46
[4702193],3311512
[1874250],1038381
[3787658],2706674
[7797],3495
[1181823],1274246
[12269234],7451973
[3025464],2990419
[245427],267611
[5393],3303
[14],8
[1659538],1312009
[51828071],33316050
[13424851],4416021
[534956],1215398
[14303],11017
[16614893],14570665
[27],325
[38],143
[877761],789644
[2276612],1214571
[107097],136323
[20056033],14469750
[1041811],1011676
[1149634],714822
[2667787],3056412
[4275],5629
[1071823],956615
[8],2
[512970],435786
[4755499],2929788
[9078716],11216419
[5104430],2235039
[246563],96573
[1169398],1152615
[3363952],4172273
[677681],709850
[35178],15207
[70273],42883
[4062347],2889401
[19712],12001
[716111],549622
[17573],22900
[22],33
[110165],175118
[272192],222131
[11844634],7657830
[2905398],2192596
[15496950],14887750
[48],39
[749058],712963
[140],12
[26973541],23501220
[29411],12691
[147269],131642
[190173],96943
[57517],52890
[2124798],2310810
[37],42
[95325],81344
[2664852],2370751
[97477],56946
[3643122],3671545
[764955],741932
[1271019],662416
[3716],213
[24231444],39982151
[292],398
[1921059],4198516
[1602452],744542
[41],2
[7246325],6646317
[924180],843688
[63945],49402
[43],2
[40],1
[4418631],4072192
[23179709],47016857
[22867],20114
[1090501],1042283
[27],59
[18353],20754
[1253375],1029245
[1996386],2016503
[11],8
[820],483
[33016739],22363041
[1837984],1892838
[78],561
[19192714],28177721
[1600841],6081642
[9337],7261
[11919254],5995389
[173],19
[36257643],24382536
[21062956],33128308
[14],2
[2453445],2314071
[22023936],20032173
[6510926],6694220
[1666356],1556102
[13367225],11429999
[14652],12698
[1699660],1194165
[66807822],314536973
[45956669],81818979
[32],922
[214821],203113
[751725],624234
[4461932],2728943
[10361329],7567967
[213],149
[22940435],56848525
[24588301],29586445
[2237000],1879167
[6262158],5157644
[40],33
[66373155],177494679
[97],355
[74400],86532
[3025356],2990610
[1739],77
[8395749],10169372
[4917954],2848793
[8852325],6639277
[675722],544532
[88845],120023
[584583],1346178
[6572136],18332497
[68],156
[2250068],1997146
[396068],387979
[8172316],4479478
[61],45
[811231],744010
[181],42
[296040],258248
[11],210
[222306],393813
[25981250],17363671
[130158],85618
[35225112],28150437
[4144239],3932302
[2099038],1935005
[21309209],12761011
[11707157],10031889
[1876163],2697169
[10995636],9847312
[195658],106824
[3975574],2945450
[27314670],35390077
[6383384],5291581
[84398],74146
[26171553],22791697
[806500],459573
[1255],5674
[297780],2088756
[2446108],3246200
[841],12632
[34556],72446
[7378351],7813854
[8],14
[44145],27192
[15138],17561
[1435957],1543595
[363224],278473
[1487100],1345620
[187],1143
[17334061],8770496
[11256493],3985017
[55214],77964
[1071566],1056939
[813442],740622
[32312],29660
[14],1
[14694134],12500073
[510103],413446
[4286128],3041298
[3118950],2599585
[124814],1520208
[58111515],133915414
[2476822],2218831
[1939087],1267919
[9012573],3476378
[74],429
[27008],13130
[43544],69236
[3201199],2575581
[8909],4694
[2668809],3433275
[59020565],146979016
[99752],116706
[351191],269383
[4743561],4361932
[3409790],3376865
[824844],795055
[19010],22432
[17534633],11957367
[319037],129336
[1781793],479803
[180796],258870
[623435],488154
[100514],101317
[6726],33759
[647798],313480
[35557918],27712580
[1483420],1674159
[1920853],1420415
[25300227],19778058
[18199],21316
[3718570],3674270
[824628],409629
[35552],32576
[52331],69434
[151172],420042
[111],773
[22],778
[1069],429
[263],314
[35469330],58986126
[21877002],12670688
[1545538],1303666
[6557],10318
[45789],49936
[598868],450441
[919],155
[8737769],3411365
[3813098],1357579
[3867538],2771514
[556520],336309
[9533917],9949305
[534436],610917
[334541],369694
[332049],442387
[39888],32529
[225348],288926
[3743220],4494302
[463470],442278
[7152322],9057189
[82659],87344
[474947],659386
[29264],21499
[20980475],19953519
[12136],16640
[308262],378799
[130939],81160
[43800449],35495160
[301759],458296
[1037393],680091
[497105],433169
[212],982
[157896],131640
[355098],378876
[2455],1602
[2837],8594
[287850],194499
[5090539],3347285
[2206],6128
[35520100],17454365
[30015556],26663241
[4530497],917195
[9738513],6771894
[225341],322839
[2929],1930
[26818732],23998365
[16619],20356
[3866],3928
[2689617],8155239
[1037322],757992
[361683],255300
[46],35
[3417534],3402734
[4420875],3199424
[163065],148117
[293],1650
[2916494],4568446
[82],93
[602724],499840
[2989393],2388210
[64924436],163571133
[240099],390941
[71],132
[1074572],1082138
[500069],517333
[28],397
[15],5
[46811853],83791280
[1515288],1660869
[647147],1076953
[73],297
[28],1
[2782103],1748180
[16],87
[48],12
[1276941],1237707
[199516],328221
[6],2
[1314465],1765741
[2774509],2504778
[11142946],10453544
[74],17
[910385],857942
[2901411],2726265
[4448203],7324555
[12186],9842
[1420415],1248879
[20218700],17601365
[6608761],11160062
[162],38
[508945],582731
[17309224],41903582
[933224],1069051
[3350],777
[2374689],2137953
[4],5
[5938801],6701798
[4058195],2422668
[1719],2785
[25],152
[213],313
[12586496],25498396
[459891],458418
[2173632],2252536
[698917],665228
[103005],93082
[32044862],27217405
[4063429],4891061
[111290],97842
[1571887],1426839
[8360913],5093894
[7173068],6989602
[800202],554134
[1153893],1108456
[7],1
[13],26
[73782470],184062220
[36398],23119
[203275],169569
[2927845],1721700
[26],44
[1733596],1057866
[28218107],60055286
[4298],5042
[23],15
[27760172],28808107
[5137901],4715345
[421862],361427
[90],2340
[15704416],8269208
[1405741],729031
[1187047],1696420
[488941],499598
[39055831],31241811
[1592285],2418890
[895073],822645
[529],1163
[17443845],22788070
[15],23
[26253926],15356047
[65858027],117331447
[9696630],9233840
[748769],383352
[456839],408662
[2761539],1747317
[11350745],9536222
[6735383],6539903
[35373],83685
[1744449],1581674
[383589],364715
[11599404],8246266
[5494013],6569607
[789614],798359
[232],174
[97],42
[513664],1081773
[24376],22338
[4082694],6384033
[4294877],3529832
[2257260],2148400
[2105554],1149553
[166567],116285
[4353907],4209924
[415408],322988
[149164],135565
[645068],1012740
[215122],295368
[18357278],10808855
[379411],386906
[30919820],18038074
[4404],2438
[40],636
[27821797],25009887
[15623],21203
[1446781],1262230
[1492073],1314151
[8054312],3557392
[24147491],38668961
[4148222],2230863
[1849620],1886579
[1843],1815
[5874730],3224306
[465674],313244
[50175],13961
[6],53
[13055017],20289593
[1009422],1602477
[96],5
[20814278],10699647
[228],198
[3697298],3269126
[5884671],8958418
[3049375],2155279
[5389876],5282211
[18102881],28667223
[4353777],4178571
[1273],3377
[3145],84
[17],25
[281],809
[37],4
[34],4
[16],12
[117092],122281
[738983],555594
[2939740],6734607
[3028657],2388929
[40],216
[15142],27931
[187908],271772
[168708],111888
[2257719],1985670
[3669763],3182031
[41],1
[156],9
[527832],422368
[766100],542199
[14315113],12670688
[27],13
[999395],1506232
[12362],10423
[154115],208438
[228138],184692
[227],143
[48786],92962
[4335006],4411556
[15218837],8862210
[4896],134
[914860],829552
[189072],133042
[275],96
[434792],236526
[14265551],11952549
[11180237],29054459
[248671],340690
[1146011],923627
[556361],260933
[1832402],1601485
[22164530],21334377
[2830836],2716578
[962667],964327
[122],480
[716560],673287
[37214],18944
[83],115
[8157987],17895478
[3097891],2573351
[202789],242392
[790880],834635
[13166708],4213440
[654189],656031
[387910],425568
[302],292
[208],132
[9314618],10352430
[37],2796
[4],1
[93],81
[305990],245664
[1231167],1072779
[599053],433035
[193923],391392
[7319007],4800657
[3386627],4008495
[95180],49435
[2234485],2680860
[701],279
[5878398],2319573
[1301302],1299763
[2620689],2339935
[175446],156255
[4],2
[15302028],16464942
[959353],923233
[1191479],594081
[91],51
[5863439],4574556
[764351],761277
[4391678],5915090
[34929210],45587737
[6580151],10878594
[1613318],967618
[280388],296936
[2954155],3444704
[20278],7491
[1672738],1498400
[2326],12314
[627842],297845
[526010],456138
[102571],84006
[180],2642
[53],13
[194],90
[272686],192924
[3677765],3304968
[23578899],20142265
[3897150],3675368
[19],25
[3286],2898
[18],4
[4920814],5352803
[10086306],8520915
[322315],339001
[4666658],2550029
[40803],4084
[1281311],1227117
[1445137],1140343
[17941],36030
[42280],77481
[2433799],1456783
[15802],10853
[1769],2899
[1854398],1160899
[3150758],1458646
[3359436],3170677
[310],1132
[18],17
[300626],340395
[100519],106471
[23912581],59579044
[39143],155963
[2736840],2418768
[3365],3187
[312280],532440
[1314425],761583
[7447],23242
[467],1325
[5231829],4931518
[65241936],115517611
[41],605
[8867568],3263146
[10867587],7527985
[5],5
[287238],369034
[10825],20287
[94],98
[1108569],3660576
[15985491],17867643
[258],320
[1589025],1521034
[139770],366295
[1846840],2003466
[41560571],24518851
[42],234
[794796],778693
[827711],1073035
[10611],81787
[532385],444022
[17444551],22445083
[92288],66343
[3008283],3359213
[19],255
[5269775],16882175
[840529],804870
[109298],155441
[3301140],4371002
[380084],372972
[532844],439394
[27369],58053
[23040865],20826748
[232],8
[827694],626819
[42],1
[8643],906
[75],8
[280374],283587
[125010],123482
[7781],3023
[24122268],39777797
[2331329],916636
[1635],2638
[237],394
[3432137],2208353
[44744],42832
[347047],281680
[3403637],3493257
[1196209],670880
[297],415
[1096570],1055677
[254353],129488
[22739183],31639911
[8469179],14222263
[4969734],3239581
[64],2317
[3967419],4124456
[18481847],33143860
[54043467],80033153
[363309],443216
[7464374],4010840
[14492018],12670688
[157155],157938
[973097],1149705
[43],63
[143053],198988
[231911],212581
[75],32
[621],569
[1591897],1458768
[6424347],5213690
[23625],31596
[515788],544781
[6617],6419
[20991629],25273270
[33],89
[56406249],123115091
[36385818],91517608
[1393369],1419319
[11513527],9303390
[1216445],828150
[23640263],40898313
[1453393],1117278
[907409],468652
[5321468],3671810
[38034],50895
[10816680],3912984
[26],86
[919727],609507
[17116],8633
[3341132],3334069
[4],1
[787652],836373
[201314],192360
[11565],45459
[2354433],3275278
[86952],88164
[33335655],22583968
[527316],481721
[551],187
[80549],77236
[484104],467218
[347515],329612
[7715212],3158185
[133],40
[13353230],13927603
[19228],4047
[19301254],40379503
[6],3
[3953645],3727531
[439],6
[10161743],7435244
[88267867],149446180
[72678],69284
[85456],59798
[313],402
[3145574],2181881
[22],87
[6641696],7179208
[5116613],4482794
[7007106],4602162
[7630],3103
[31742861],46896467
[4020],6903
[186817],268638
[15505926],8384062
[462249],446318
[4355693],1848109
[501296],240239
[15],2
[9419127],6393233
[34],30
[5418746],6691426
[160],40
[16812],19336
[52],595
[4218080],5586426
[20724366],12670688
[7127415],7025688
[29],7
[759],1345
[36085957],23196348
[9497204],8545506
[21],38
[7179919],5308962
[62241385],134393762
[17817403],16876853
[32782],29482
[98895],166786
[870122],863103
[114],2548
[8952317],7180209
[64748],9377
[11420231],8314177
[13616487],8059730
[3589809],5156773
[29356],23577
[106487],552418
[34667],28274
[71],363
[15597658],14850038
[3677770],3270867
[88927],93650
[4953358],6383804
[35],1
[4341774],4042699
[75076],32274
[6026412],9716746
[70992],52912
[621537],492940
[1099116],609744
[4073796],3819517
[16469545],14420089
[64915],64958
[5357],540
[84],1266
[23],44
[164509],124695
[2431115],2044854
[3231014],2638849
[923],1056
[3849760],4616943
[1649],166
[283119],181521
[12084943],10643834
[163667],251911
[25753260],13746153
[13],2
[7793755],3726917
[3326446],3272745
[102],187
[1046509],1378859
[1322756],1197515
[48719479],79644466
[4995],5479
[33146578],46329281
[13],2
[21739],62186
[7649165],10519795
[141],7
[118],2506
[4187862],5070118
[118],375
[8031],5133
[2691638],2396567
[21674098],20981887
[41],141
[10681],9531
[52903],79176
[19423],19046
[449869],322949
[14532705],11265853
[248],384
[7962409],10246670
[12615262],10011427
[917920],808000
[14188669],12670688
[13625216],27429387
[3624691],5367917
[6455956],3402996
[67559],36756
[254],22152
[465797],402292
[20],4
[4787],4169
[54],115
[28838950],50644483
[11152],30771
[385843],476184
[35622577],33664126
[196],62
[905],5651
[22906],7116
[5469864],4049306
[1066476],1193785
[772066],721572
[4475933],4948090
[181989],166878
[14020868],12670688
[630299],709905
[55743473],138166212
[8486082],6715099
[20390831],20981310
[76624],98520
[105468],82399
[70723263],63529435
[60],18
[2128092],1981036
[7849993],20771733
[17705],16123
[184],191
[10691],4716
[61414607],176044442
[13252446],12670688
[767124],741143
[1802],16776
[47617],22803
[260197],344179
[1184767],1274246
[60],36
[2811],6600
[10590],390
[119],1682
[3669641],1852043
[1199681],1041462
[459],18
[58726],32289
[2752540],3184187
[251505],192085
[22925330],20767328
[33],144
[4],157
[4260652],4261487
[463],1437
[1585526],853608
[14779],129503
[9624],29870
[10616613],8162330
[94253453],167151752
[310657],377014
[715168],555659
[129161],153226
[1714687],1361162
[6],21
[2323194],2796598
[36327936],36961456
[94867658],395263595
[57266218],219676642
[1247907],706849
[922560],852327
[13447360],9910492
[436998],510268
[32251],35514
[48],888
[3974],4777
[187],18
[347949],297338
[411233],552987
[2698348],1550870
[18],561
[50070],85688
[1393733],1695505
[23903854],16806250
[11739732],7450821
[296694],183913
[3344880],2986350
[11029],5529
[7496],3528
[34420839],43164476
[20],85
[40304648],76368893
[912636],829617
[3],3
[3041569],4162962
[1542716],1553473
[739071],630381
[4711903],4447994
[19],7
[12723902],25441217
[39],335
[290696],334563
[1299002],807143
[11500816],31345176
[678336],650095
[587890],483010
[373428],325777
[177],132
[1137],3556
[916655],805907
[5426457],1644292
[15556],41308
[61314],18769
[217],212
[782697],733922
[1451248],1505791
[2839007],1794865
[484926],377435
[140156],170883
[128],701
[24058766],21901236
[3680994],10739246
[376926],347628
[3269045],2164274
[6436],10287
[11176317],7895619
[474],170
[637981],651952
[54387],68744
[71971],103034
[41],1743
[1119927],1378845
[36210],10844
[225136],208074
[174712],994340
[11696],6174
[55494],13749
[212087],268358
[70235],19181
[1689335],1958166
[5659669],4495383
[750],907
[5702467],3158642
[980446],1303432
[2780417],2487826
[840841],887547
[82276945],93002803
[714117],919729
[1486075],2026329
[11583251],3968204
[1004436],905357
[3667643],3798161
[1842817],2552971
[370382],221676
[297002],239676
[17586],68918
[42549],47793
[43311],42210
[525723],647995
[6916322],9806177
[231852],307201
[71435],94506
[60921880],145296313
[49571526],34441731
[13],5
[4972506],5526243
[26064],18478
[18517],60929
[116587],72210
[62628],59157
[2814810],2606582
[635282],631886
[1925777],914503
[142639],736758
[2167139],1748301
[1441556],1220160
[60284],42284
[257],204
[20509],33450
[945224],908692
[5318748],4977560
[288362],238930
[1557221],842033
[4976],8986
[40877],62712
[15445004],15144871
[3446801],3142388
[6225810],4526792
[13185962],12670688
[10213805],8633795
[74932],56697
[28189],9780
[102041],93958
[63],10
[570359],1087653
[292],300
[255],361
[2684486],2423907
[335165],122018
[11866],7652
[5],1
[1091274],745531
[156128],68910
[47],41
[44],15
[6156118],5275192
[249080],178657
[27202],15919
[42541],13472
[4261438],2582792
[2797344],4914158
[40092390],46736963
[41113],87944
[251],413
[28],150
[2798179],4189400
[2694014],1525015
[1270127],1274246
[3527],13951
[1089966],1019997
[1871916],1793656
[2326],2361
[215856],113106
[39932400],44853506
[53997],30067
[58],108
[27812338],35431607
[2358762],2930362
[88],74
[583599],520584
[2589148],1649812
[137],718
[135980],106159
[2877],1302
[2598489],1098747
[59382435],235571720
[280956],390589
[4644307],5660012
[55],2
[25687053],22039208
[10595214],3858632
[2810463],2592293
[3657645],3167448
[15853507],27172099
[18860538],20500552
[28],18
[66],7
[8983901],3279323
[714190],442855
[791432],742566
[1155],15511
[3611282],4117203
[7808],5919
[94],17
[1275301],1263686
[2922527],2186458
[647711],609749
[87287],101096
[1076],939
[52],15
[30380270],16911067
[804680],723318
[10361193],5680273
[4870256],3434613
[30],4
[10590],8651
[2764548],3379892
[42],4
[6900],3058
[87166539],204832488
[1475358],676155
[76762],77744
[35],43
[89411],69165
[2756624],2304759
[498235],493795
[2425179],4827450
[10083093],8001443
[1541565],2339360
[172239],132801
[65233869],113196558
[2443756],1274246
[1852045],1085696
[68],23
[2469571],2130031
[55],89
[58381],70131
[3739243],3937234
[2416889],3445963
[5569],3026
[1016845],810422
[770],799
[33082912],93925258
[10470782],11395781
[87153],55020
[16230633],14320684
[4072280],3821525
[160],91
[3716377],3198884
[27177],21511
[74390444],141992727
[4195343],2294388
[20200150],19521327
[2131432],2106306
[26208671],36024322
[161279],305116
[21679],39237
[2019333],1967792
[33726594],41885384
[121],99
[5967148],2544662
[5458],12612
[7011323],2841425
[5453039],7521848
[100826],163578
[667021],689964
[9],3
[2998217],2478341
[43388],57583
[29],467
[459903],569220
[1112284],431436
[39330489],62775861
[37934412],30530824
[4178],8345
[2060],11661
[248969],195961
[2966269],9639324
[88811],141856
[168],2766
[4530966],2101276
[10789052],7299978
[41416482],155226314
[2319567],1411230
[7881481],5996434
[20337],27462
[347513],366454
[20094176],18886765
[11866],7686
[30],16
[1655963],1292885
[244125],185594
[1112661],1086937
[146083],238004
[71189],58914
[7989768],7029930
[2353425],2891180
[1124],8501
[23497962],18100361
[10772465],9713013
[21],109
[26519624],15415789
[11484],2912
[1624644],1568877
[43],1
[12528670],7444655
[12121380],12377195
[16],65
[2426999],2350055
[539893],372780
[3397],3139
[4491382],8579141
[4397300],4109355
[43],23
[5926],2550
[17],151
[130],1602
[6373525],5905071
[2163609],1208402
[14907203],8189474
[221011],192317
[1675805],992990
[704597],792875
[438572],500278
[517],43
[42826495],55062877
[3666157],2391817
[564815],610248
[490101],480296
[4607413],2353413
[30364],43026
[4308],3415
[127232],59020
[13817395],16935160
[52543],19752
[1184658],1274246
[220201],182326
[24553858],21465639
[535759],869551
[11382],16045
[10],3
[16253111],9745109
[166],46
[7142778],7450433
[253225],225937
[2614959],1366388
[294542],259120
[760350],719854
[57467],34299
[1430],1152
[2299568],2861593
[41],15
[6349185],7508267
[1104],21120
[37263],106330
[231678],490511
[41],54
[2147800],2272954
[1269656],1274246
[121706],86536
[1402592],1060799
[172],262
[7255722],4706589
[38877],34890
[3812422],3624263
[9962448],9297425
[2987051],2550704
[72],1035
[11145689],22069968
[3086758],2955329
[1106293],1010816
[1072001],998259
[1134],1449
[20241671],12073610
[1347788],1257642
[21902898],19897165
[1800814],2061385
[37272370],48113797
[34198],29669
[6003184],2540888
[33203891],21537017
[174289],253317
[1271653],590310
[35207568],28607950
[14246],11059
[3485959],6337107
[2225],2077
[4068699],3817896
[34471],43084
[28374],9640
[64226],55929
[1265709],1231412
[5873438],6470556
[89749],74401
[6042505],5557176
[41090305],171670240
[8206],926
[4808455],3405656
[13384655],14061790
[928095],1009925
[278862],719681
[3888305],3520403
[617572],487741
[1946400],1816415
[1021581],627161
[43290012],57369295
[396307],440531
[4932664],2188849
[1881652],1177602
[398995],481054
[956442],714775
[66],319
[11594],11168
[27097877],28388630
[232857],237089
[266809],299040
[1347550],1087677
[2600000],1924468
[53118092],95822163
[29222079],37460636
[23913],20944
[11521798],9348982
[244804],220101
[2545],307
[1789],933
[7521122],9255825
[10916020],10309363
[304050],233335
[42],118
[1603864],1286004
[5572511],5787495
[991508],1250614
[25],1
[32299658],24598707
[93],126
[122],2
[653681],774118
[133],301
[95],81
[457916],433669
[12944643],9123452
[3019187],4509020
[352897],243432
[5344618],3029927
[552732],742689
[577627],827091
[17005884],13947885
[26874209],77105179
[11],11
[1918671],1179391
[324559],264782
[11],3
[1261754],1274246
[22],183
[240415],267031
[32836497],27741299
[86233],54952
[2192],3351
[56470334],125771922
[605],623
[7132417],6279017
[470355],331197
[48],180
[21],1776
[17],1
[20519],9742
[52],124
[17252515],7357451
[122751],164911
[341],21300
[1629020],1659268
[39680],10178
[263610],242913
[9],6
[151821],174603
[30],6
[19949083],15369877
[16048583],35943689
[69409],49062
[4055547],2269807
[1647753],2420446
[2784608],1808399
[1936073],1835008
[2178807],2429483
[1163985],611930
[26],2
[341177],324600
[340853],313416
[1581265],1342773
[17006612],9396653
[75184],37381
[11854],53067
[2209767],2145822
[5143194],3495114
[419163],318775
[3377643],2157905
[10710],24600
[6155],8164
[1253426],2196840
[19],154
[138963],461797
[3030447],2677141
[667663],601607
[1918714],1287033
[2867439],2636554
[45],42
[11779],16060
[5427025],12679125
[7693804],6180931
[117],29
[3879485],3478012
[190353],135535
[42],20
[122378],108652
[89974],6793
[590],1433
[23916107],16819208
[73751],10106
[61119],145747
[5813943],8212042
[202],645
[1500213],1129120
[149],144
[2708763],3085879
[55395282],162858642
[26173825],23612720
[82],1655
[19758821],15313530
[12410433],15388371
[4718209],5900815
[1895755],731955
[4266517],4798120
[47],1
[32892570],63667267
[33],39
[3778824],7320605
[1033655],1011354
[276311],280306
[221727],143567
[41403779],48851757
[1183],3761
[911],1465
[25],54
[46347147],161050504
[110],6
[8330965],11954185
[650931],680363
[428781],565980
[264909],268050
[45809918],57791271
[64730],16385
[2134],3844
[3388516],4544210
[44962131],31720191
[18917673],18417760
[19],56
[1767689],1190546
[181],37
[1265873],1194168
[2085971],1647983
[1396830],1117600
[78687],33229
[794893],705019
[1853695],919315
[17488],10434
[333416],289461
[15433164],16236638
[6583],145
[935],401
[3102979],3312722
[2],1
[40968],36929
[1067801],723936
[98],68
[13134623],11245281
[92],399
[188],174
[36060095],25974548
[22],305
[158],292
[77227],43123
[2280310],1977695
[55680],10598
[18411],32372
[15015822],12673062
[26716729],22538621
[1979461],1123900
[6820037],7755803
[6119462],7112129
[20],17
[3311],10304
[1296514],801923
[5044974],14429465
[68738],73774
[175270],176075
[322196],347710
[6900125],15126246
[2638],481
[6066765],23909157
[52550],38647
[740346],413666
[40],34
[3911959],3567050
[7098146],3215505
[1133063],974018
[76782],54660
[42],116
[1357294],738091
[16564063],14524145
[7286655],2903811
[37],18
[63733],59971
[10472799],9280336
[1633789],923828
[33944],17526
[6345],2022
[1073462],794571
[6903916],9976778
[249088],187995
[17213830],17449229
[24711043],17200279
[3417502],3101431
[40],133
[20189633],41826111
[64616],40004
[1103172],1345374
[2571250],2526978
[11334090],11513909
[11756005],9451286
[283410],266453
[146186],102338
[242088],266374
[340],178
[725424],700468
[1675517],572824
[23],9
[57588840],134455885
[101],224
[10761341],9901870
[1507],1425
[25491],17752
[2428818],2171877
[521337],604100
[19678382],21542832
[95],48
[2895349],2813791
[2890],1703
[10908],20918
[42],147
[1229245],5126154
[14314467],12670688
[18699],102445
[1514393],269247
[61],1
[1069340],683373
[453802],514397
[17030],22925
[11067592],12494618
[29816510],20373717
[2753368],1870752
[887943],887235
[1208566],659015
[3355025],3049296
[261],73
[1361],895
[21],3
[134463],138019
[60065],34596
[279],15
[179085],100520
[9278098],3515245
[1187393],1244469
[71889],42138
[2163362],1905665
[1618814],1440214
[714554],496765
[2149],410
[1219790],773084
[35026317],28557654
[10787448],9734625
[1265932],1224837
[57885],36660
[6927128],8349426
[1257293],1274246
[3700614],3304867
[93],290
[686903],601626
[37499],16006
[33434454],27583753
[1053686],903904
[5],7
[1684996],3679514
[163494],154778
[1193829],1132106
[167217],131759
[63],138
[59],1699
[39489758],100094515
[319],1894
[601],449
[69194],39838
[23113302],21238025
[60],26
[43],45
[169966],162031
[478143],129120
[471675],348321
[23916562],27825240
[12308787],4300983
[1934764],1163985
[491719],751467
[64],48
[2385814],8101208
[29684993],35182975
[551],723
[41],602
[22929964],20938567
[23577637],61133040
[1447454],1429100
[72725],63771
[836],262
[35594972],28421208
[110627],91330
[12579958],8370000
[153776],202236
[5121372],11906789
[113672],127199
[205212],205803
[3793],225
[1634965],1476939
[1354426],1281573
[1815936],1002349
[14716497],15071506
[3688622],4709454
[293701],343036
[3707030],3336038
[757706],370833
[1107424],571138
[114837],164111
[2433],4659
[146462],88856
[149974],138672
[3612369],2381180
[3055269],3002793
[22084273],12670688
[216],699
[3936244],4434889
[359640],320659
[1180],6464
[18022603],21318452
[22116225],12670688
[64423],56579
[637194],681850
[1193694],662213
[3700007],3746419
[149362],175871
[91],5761
[5001923],4086471
[4465998],2595968
[612168],1190424
[37329626],31785949
[29679664],95475019
[5946332],3011766
[10598956],3744598
[431576],559185
[2881],65108
[979122],927775
[1270333],1274246
[40],14
[20973],22146
[97903861],202541827
[94],30
[9946],13007
[22730831],32712991
[22],200
[82840876],133973517
[1063827],1461684
[1494180],1362404
[5407823],5453192
[38197551],30632871
[57047],48093
[43],22
[155643],71951
[210601],138617
[1232358],1052228
[114],331
[606760],400437
[71],323
[6456263],13455840
[5149906],8147427
[3889743],3538848
[19962560],8425394
[624962],503332
[793],1092
[25],465
[9834988],14806659
[2026380],2574060
[1010162],754670
[73726],71025
[73004699],433559077
[15966249],15471846
[13],482
[2172],26698
[3900144],3649323
[6385],6963
[11627033],22254183
[334167],349314
[2140028],4902610
[289123],280503
[442407],344709
[16577007],10502715
[7754],2651
[661331],611169
[6196662],2660732
[1355592],1073704
[3804],2511
[27238],36174
[2083042],1857471
[43],24
[7344951],2846661
[1778747],1513041
[2344694],1656965
[2711908],3502095
[2836058],1774819
[20133061],12216494
[5092118],10204622
[300049],234863
[814],427
[2504004],1636369
[477849],392704
[3986584],3203732
[940216],1134591
[871798],1487773
[47659],29744
[50372],45945
[106006],90067
[7927],6690
[1072817],953509
[598677],596677
[794987],904776
[168],168
[50315745],108264382
[5855637],5070101
[120],97
[188289],382939
[4806991],4297003
[334193],144750
[2834865],2465838
[60],78
[800063],1260916
[75721],40530
[287],108
[13],12
[1002],1190
[20317],19109
[55794],29568
[498753],412497
[72],400
[29047],16991
[81],30
[208829],192321
[99],533
[2462777],2205835
[80],12
[15],17
[61401],62338
[7162781],9021188
[438443],154035
[61743],68379
[2227443],1776818
[2504144],2869002
[632604],722711
[21],966
[40],231
[14],9
[3403977],3082846
[725],10071
[1672549],1415687
[16191217],21866280
[10745],189629
[997158],506277
[6746],4492
[6492304],4702262
[1813194],1152708
[1110349],1539843
[100848],28067
[543937],367622
[19709],19725
[587750],485199
[13026333],16773187
[5883],11461
[8559620],7748435
[716540],422830
[20],22
[1063602],552862
[9838],2586
[149436],143028
[29],1
[1083650],899395
[3574043],2090311
[1892764],1201791
[15],7
[15609532],15278341
[37564],129891
[817],109
[3393515],2818668
[49150552],56467254
[20],63
[19],2
[439921],484323
[98],385
[13361632],27981306
[13],35
[94491],114331
[83052],111888
[809062],1081567
[115526],189656
[21317191],26101850
[59834],86826
[277],726
[4562824],2010943
[22],5
[2192],731
[2212],13376
[109500],66698
[284235],224912
[39],9
[2645868],2578140
[186161],200341
[6228061],8155629
[214],1524
[29304609],25771298
[90734],83341
[6952161],14946666
[8330559],6003621
[158799],99214
[30844],9481
[1283351],1761339
[3887685],2892583
[6496],4763
[43170097],22253129
[8957960],5605381
[3871904],5116993
[1088205],1028500
[44759],9406
[1662],1980
[6180989],3430125
[1864582],941151
[1959806],1577979
[269519],223427
[253105],199076
[19],13
[1674525],1553487
[33],347
[9093128],7230604
[459090],64101
[256],487
[5970767],3346065
[48],779
[9824855],23352154
[5847086],7421510
[3245136],4141386
[7471557],4210919
[563028],383861
[255488],170339
[3713855],3784432
[3802043],2362469
[2029958],1878221
[255407],232749
[13099517],10926366
[3946614],2414214
[2540824],2420350
[12070554],14360723
[911494],1273184
[2918551],3021251
[9778123],11171678
[4743702],3287802
[189],637
[658974],483966
[26377422],48830895
[114],1
[17],656
[191],609
[669509],738068
[5745144],2462042
[21640],11709
[61271],52545
[9132556],17613592
[977],1350
[15085343],23870265
[2955381],2826499
[16403],9437
[118],54
[443857],417944
[5835620],6535964
[698654],682527
[9420594],3465448
[247],108
[75560],37055
[11763947],10215855
[35291],57833
[10198],4165
[28],8
[157493],278025
[567],24445
[21],53
[178671],141456
[24121235],21642239
[20562740],33258175
[1038732],455074
[494],1748
[173],181
[1279210],849974
[35296593],65653150
[17064054],17288368
[979702],568458
[908105],1376446
[504804],1005989
[35199],51399
[16],11
[351909],269233
[133],3
[33],1
[227501],239324
[435704],496758
[1180],5258
[912515],652956
[50984620],33892929
[27889660],24534243
[86249],83514
[2140],2401
[10582963],3851735
[380544],550652
[80120],171082
[793099],740451
[490],723
[112470],163497
[4397374],2440735
[3719],5946
[762969],746741
[99],68
[119942],142233
[267317],369093
[528],1609
[547141],962277
[1022574],1234891
[32],43
[1825784],1082953
[323244],122728
[12177109],4161543
[113537],83967
[86232],41418
[1440610],1494318
[149],3469
[253556],311847
[4641629],4586697
[3747892],5469762
[44402612],44884068
[1539887],2325689
[4268141],3995193
[105220],95862
[40],4
[7784],4654
[1573587],849012
[123],506
[381613],373402
[40],260
[29411526],35463041
[233370],172494
[16227],10884
[8000729],3560342
[1644854],3481364
[752],2172
[6],2
[14529],12483
[145159],59506
[628],5257
[1082453],1314176
[23],40
[5217],4142
[1292052],1407181
[3290266],3488504
[5808036],6378299
[256865],283940
[19],30
[2737114],2679766
[2155449],1938219
[346692],278245
[4312156],4330775
[4601478],4388540
[67116],39686
[3832319],3445209
[2957637],4542806
[37173897],29287048
[1340521],1455833
[45],2
[419],1302
[219504],353001
[456765],378133
[15690082],32996314
[17],230
[113],3
[40],415
[3805195],10480442
[72743],137108
[4],4
[27],7
[1443796],836428
[7385996],10138180
[406794],352616
[7446698],7612619
[26371],13527
[79],65
[214761],302548
[36],25
[336456],371120
[158458],67995
[1166937],1105906
[50487],14139
[9356364],23985495
[12182670],4223107
[235843],149008
[3745740],4348577
[86],2193
[681282],604056
[86961],19707
[948776],788173
[21210576],19327272
[3329180],4239444
[171099],145165
[1306441],1216062
[1744],2323
[426543],213541
[2903205],1580506
[5324638],2736148
[187809],238834
[33186],34560
[28682095],25231996
[41],239
[597035],278418
[70736971],153504199
[13],1
[238132],244582
[2897443],3444999
[204146],136572
[18632699],24305210
[40],5
[56559501],123954107
[9865685],13842209
[48202],40609
[663],154
[43],90
[38],122
[1350934],1643614
[35],108
[77156],52790
[198550],179982
[817697],742525
[252319],347835
[16],25
[20],35
[63046],19403
[183144],153241
[1611],6148
[3251559],2992268
[282],4054
[218],6942
[322538],247424
[3253214],2912197
[2422530],2556644
[3142924],1781571
[595125],555536
[28],1
[25421],74514
[74],6
[3098127],2769140
[62913537],114611775
[1421939],4125516
[3082651],2784794
[3559103],4367171
[893613],692621
[206000],93894
[285362],256294
[7296972],2954175
[1946874],3757185
[73339126],383595361
[1877480],1494952
[615944],568847
[9952],1859
[103],97
[9126],5214
[6359],10541
[719426],1038752
[1422952],1211129
[4391000],4201607
[1735299],1501045
[1201128],881499
[1525559],1798209
[756570],418635
[2800742],2541846
[1020741],683161
[362073],457568
[3247633],2395835
[1297538],1178225
[336827],499412
[64118789],203949681
[834445],850068
[855049],470351
[9278087],3515846
[3078],12219
[5074621],6436446
[5600302],10091442
[529],1776
[2162203],1145745
[23920742],20984623
[4253136],7042373
[406448],351194
[880846],962490
[3099361],3071180
[10455070],15513403
[35590698],27745898
[808779],571879
[2213306],1900694
[61731],128681
[574255],447476
[378900],536763
[38],2
[65496],9377
[320],95
[508751],209862
[5],1
[23],1
[4993521],1890789
[1271579],1188901
[1788840],800670
[5938334],4447472
[53758537],143529754
[446473],374721
[73504903],149522368
[304048],234152
[35216150],61691330
[310503],71798
[43],127
[70092],55815
[44211751],121293385
[2380671],2126803
[4076],3138
[649257],657363
[65597],39468
[428016],550826
[9286011],6679288
[1377],2826
[2321109],2662516
[34272640],75244346
[2184830],2560345
[25421897],13915736
[118330],72287
[4908776],2167301
[2115959],1177446
[1050352],604722
[40],5
[64874588],69745102
[464639],467830
[70],33
[40],23
[20404],15815
[24118826],45524551
[14065],104836
[3773571],1834102
[34509],27116
[2456501],1274246
[2308227],1628608
[16346],140095
[1823],1888
[17753],6839
[2397187],3231295
[4034856],2419813
[11279],4181
[1591922],1450495
[6563281],6335879
[924355],1104013
[21667476],12670688
[8358],18
[40560638],109590869
[20],26
[88554],105676
[9225507],7317287
[4586561],4014391
[566547],579149
[29775],36470
[7776631],5504164
[2652807],4366492
[23405194],16112483
[9749],8526
[363100],233508
[4],22
[18904],5132
[40],2
[195608],218062
[102],32
[843],446
[44644005],22576827
[209431],172624
[66418231],151867477
[51],1
[463686],440874
[40],286
[18200777],13466386
[1744781],1971578
[1121425],692754
[59],12
[4],1
[2224920],2067797
[1077364],1287819
[189834],167020
[120],239
[309406],263562
[354679],306800
[2639781],1970378
[262602],224291
[21695395],20248157
[2131402],1212659
[82],387
[14895350],12670688
[1817178],1485416
[2135438],2058387
[429],142
[86145],85281
[1665817],1485986
[394608],389926
[214],527
[18],1
[2102290],2003444
[383],237
[10142189],8467123
[2471656],1553182
[69673469],229146989
[177571],101180
[69753870],233517476
[20186945],12733912
[43],1646
[81287278],129283666
[30323],110908
[47222],21130
[253837],408014
[16],102
[42],42
[1733554],1066791
[6],2
[492],39
[426907],511578
[3169726],3242072
[318],3515
[1675],1264
[1856434],1666152
[12],1258
[7665179],3011344
[17872355],20710936
[56506],21934
[17],32
[61487],96763
[167500],152914
[6006861],3215612
[12502852],4332228
[16509933],14273399
[781307],831762
[15001403],51843484
[21],40
[212657],186774
[29605968],72912618
[3370863],3835855
[12],160
[1078],15283
[6957],8724
[165642],245441
[26342],44013
[1728171],1003207
[288],4704
[63069],6950
[117480],74449
[86],442
[1307790],2557023
[13202151],10722529
[938754],646059
[12321],14571
[125],532
[4636],4764
[118865],117746
[18689],30961
[2802708],1789077
[2832],9632
[15],91
[40067],48290
[4996116],2767702
[220453],154417
[28247],7381
[18581],4055
[3061],12779
[40],1
[3716532],3197881
[271],158
[23],70
[4271],2405
[20810121],20427076
[2994],25623
[9308197],9242279
[4054246],2603873
[531339],373311
[34],31
[44],21
[3434545],2200993
[493989],906135
[20446669],27650821
[1383444],1049530
[26836626],25538685
[27561725],35511516
[23],1
[18170636],21047537
[49717912],232265531
[27821698],24625218
[120],46
[18],9
[3022408],2481104
[47277],8275
[66404808],123368884
[72079584],157517013
[177769],122142
[6484],1951
[2707568],1409587
[7896696],7112042
[181201],88338
[618839],743247
[255992],279058
[5827],5772
[2699484],1456823
[54],52
[918],620
[165122],194595
[1618731],1395793
[1855060],1663552
[21928],25542
[257423],142791
[31],345
[15480983],20500437
[60536304],230873794
[641532],755808
[31898],25314
[209330],158278
[65700],12765
[547461],538680
[29704023],20215288
[77],128
[152],49
[7257939],3928493
[49002],104527
[735556],861025
[276554],26977
[442555],280073
[2599685],2759896
[101],703
[1703051],2397667
[72528421],211166869
[636928],450441
[19900471],13270072
[11653],6547
[30],2
[76],1
[82],234
[1037136],884200
[4196565],1664669
[89129],72723
[222],1599
[281163],196443
[3450381],6925120
[8973140],10401715
[34],166
[17612],33197
[4088],4020
[353565],320012
[4349643],2512886
[3890423],3631497
[2363818],1699205
[1134],381
[3295081],2582194
[7646755],18548425
[38004116],24130698
[4781],1538
[7633265],9702539
[271],1137
[19],4
[3065840],2454716
[2603406],1967169
[34212],21717
[261603],274998
[953480],723527
[10166130],4137557
[75],77
[32620],65345
[94745],85983
[993400],1263720
[736043],694333
[12227234],10698299
[927180],736096
[909402],804826
[15873236],19733345
[11196174],13074696
[1275310],824180
[4148],594
[4120650],3697132
[18758334],19149123
[99600],141342
[242114],182269
[42],60
[192035],460962
[7027155],5223320
[3444413],3151997
[10515921],7260994
[1813],439
[18028604],15548467
[23878],40983
[217],2522
[1364689],1015885
[3523374],3787503
[44],81
[40],27
[134],5717
[113355],490985
[20382],23523
[285769],157519
[9689116],3496915
[12],4
[24],2
[843961],1061545
[306298],263241
[122088],144952
[2294],588
[428594],538711
[77],19
[22141],7297
[512714],398969
[58],374
[9],2
[758472],597105
[1875004],1766199
[101],1217
[27],128
[2561203],3492339
[350790],353292
[19088370],18863723
[146150],103476
[15584997],23144982
[14883542],8160859
[694505],706355
[17322],57041
[774],1001
[4359377],2389670
[43],286
[45549],252311
[473],630
[700422],458470
[135],377
[3692606],3311986
[5826281],5058835
[1344002],1360296
[4152056],3976904
[3822403],4594715
[209659],201569
[16470054],9812218
[1240],102
[2702834],1684825
[3406961],4840221
[75],22
[4085534],3821596
[50416171],99160075
[2335213],2434382
[37442933],37223562
[3494059],3697680
[50052],87312
[252462],179184
[553],122
[4250128],3943517
[32426],34802
[302441],197442
[3563621],2148578
[2219069],2215414
[1533417],1378453
[52],40
[1602200],1533350
[1575791],910736
[34],4
[324074],260997
[189986],197320
[408382],544546
[7581],950
[24236573],36182116
[3624488],7363591
[5204],5920
[5700894],4949581
[35],34
[13851049],17115457
[490390],620638
[59996],94564
[122960],158753
[372208],617361
[55197124],123153366
[63567245],357772155
[25],166
[2004154],2162755
[11868],38323
[238063],149499
[3887792],3521098
[29390],17738
[2909533],1621510
[681017],958548
[592544],614748
[1073527],950758
[361078],178116
[6576459],7334259
[11218720],3911792
[15722426],23507376
[2686],21976
[744901],751073
[227836],305711
[5],2
[304053],249533
[3789402],2751156
[460475],455476
[82273],146279
[1055481],969637
[439],18
[982],1607
[6093433],21204537
[460455],455661
[8636],2323
[275],215
[432],769
[89914354],313203338
[133285],81066
[388],13
[63],593
[2213437],1809081
[111],6
[29762283],30096183
[152298],103260
[60574],36127
[19144],15385
[24],1
[17878795],13778220
[1144098],1162572
[57005016],178415744
[110],151
[5013051],4919693
[5536986],5241773
[606929],420596
[223],516
[11092596],9851889
[37664980],125500391
[89],59
[1076505],905739
[847635],1022433
[6306481],4491600
[17536],13379
[92765],40057
[72],106
[146339],154544
[20559],45132
[3039602],2927125
[8811990],15905672
[227046],221851
[28217000],27379487
[44],2
[4007318],3771325
[1586344],1483790
[2143904],1284670
[889894],826317
[11346940],9068632
[1222685],1127998
[41858],47004
[379],2040
[7510819],7312976
[874974],829266
[1015446],973853
[198900],203343
[307],956
[102396],244917
[600440],405080
[71070219],209341947
[2022134],1865836
[169],295
[3480037],2408807
[75573],111503
[1523337],1557328
[17908814],17815848
[24865],29657
[2188254],2184930
[277663],273980
[22609],27967
[1881847],906025
[1839160],903963
[1780122],1028401
[3047766],2088777
[2963953],3627829
[1254745],1870044
[3546249],4742249
[13549529],15625263
[5804535],3681903
[42],2
[14997],12029
[2304536],2752156
[98],54
[73],29
[283992],110339
[1146506],638480
[9796545],5159047
[2698589],1264522
[9972901],8378335
[103],122
[65],30
[10168874],12036168
[2308],1238
[16495],18929
[604400],563196
[29223],46002
[51807],100615
[12433932],8062293
[6207863],5413745
[112290],178152
[518063],389305
[569340],495168
[1762524],1293474
[245893],182442
[122],156
[18934662],37026907
[37090],39205
[111466],17049
[32935],6882
[34522156],29690915
[18],91
[2704226],2438717
[33126],2709
[43414545],47470011
[113],67
[1874121],1079115
[360509],265273
[881543],293889
[31146963],60888929
[1464784],1311242
[1423461],1252232
[907],1523
[13367813],21429633
[663630],346755
[163291],204181
[107],66
[217],23
[19345710],26635063
[4764407],5526620
[67157],22916
[192185],284727
[356242],353160
[24972],65794
[53084],37495
[88560106],234143931
[637488],336821
[33],434
[161],90
[7600446],7474409
[2409128],1228119
[33606],25523
[2507055],2897147
[59792857],118627983
[17],31
[23],98
[456],1286
[164782],134317
[1638522],253978
[589],790
[46748723],32891494
[140],28
[4221894],2269296
[22],237
[93132],164365
[2646491],2572352
[1886258],2865113
[1831786],919726
[36],1391
[96],445
[8199597],6495893
[1200753],1175391
[261277],244178
[20],5
[7062082],6850439
[13584679],12670688
[500089],482248
[556676],246671
[2701831],2442078
[127419],122443
[20881874],19807678
[35],203
[597],869
[56],505
[4722121],2569238
[38399548],33570660
[250625],212412
[58],124
[2522198],2443262
[351],2048
[12],2
[6665468],4299407
[41],561
[27906776],24566721
[6],2
[812],193
[80],24
[33851818],27018075
[4067378],3874797
[408721],344739
[26572554],109997954
[219602],317184
[130681],87358
[196804],294705
[9563754],5829329
[2568858],4529650
[32263],42286
[12709840],10441350
[35],30
[2847441],1787680
[834338],809210
[71270],64087
[1166415],1568023
[19202689],18830821
[1317975],1704693
[1958981],1822785
[32],864
[728516],894683
[1253330],1032585
[106204],199199
[286],273
[27870],60001
[31],280
[25],105
[2035483],2449385
[4322597],6209077
[52],23
[3546060],3314396
[50692],11819
[47],2820
[7127406],6236088
[114092],505404
[694],1344
[124113],129499
[27849234],24285982
[17448],19714
[6220135],4883399
[1598758],2850016
[3845190],3134276
[45],192
[43],6
[9882],7440
[1098181],914896
[885378],875700
[153642],174909
[8582509],15107791
[17204],11047
[38412471],30804615
[23199478],22402270
[1187492],1065306
[1853146],1686837
[9],2
[660314],455634
[3885569],3522279
[72856],38150
[3012238],6560138
[687372],1751188
[3696203],5489474
[4611],2432
[4452467],6079841
[1268449],1751725
[1483069],1525294
[1071088],776551
[4358454],6836148
[20675610],13102206
[34],79
[2349461],2291661
[4713970],2566863
[3356481],3041128
[65],33
[7425],685
[3257],3119
[525],752
[1141476],766407
[83485],44162
[34],100
[88786],108200
[47120097],57495630
[2475895],2029258
[2623],23572
[4304595],9104765
[295531],272587
[39735376],25953612
[500696],202695
[5944],7555
[215723],213876
[14227490],12670688
[57727868],127469895
[45],29
[392991],324908
[2999304],2717801
[159857],302488
[43],121
[51164],19496
[4582],33387
[93019],131332
[96],17
[4025665],2580744
[10181444],9229174
[43],63
[694824],500629
[12575],6973
[1113297],1061613
[12644815],13464654
[1253643],1138915
[149018],101278
[17135682],12188906
[2164101],2122367
[848],1892
[102913],96239
[4333],3060
[1900386],2806973
[12134],9002
[569804],507089
[3580712],4658281
[3310616],2303172
[213113],110008
[1516043],737291
[3456828],2121146
[51116],75234
[41],1
[11582687],4725976
[287],227
[821727],594929
[40415],51375
[120684],221904
[1328464],656004
[12286912],4084527
[146262],23272
[7816343],7800129
[14063],30040
[1640],4032
[546992],539873
[63],98
[101],201
[54152363],95157593
[1113822],802984
[1143],5061
[42],192
[9297844],14692654
[959790],1939077
[409036],454522
[5311575],1723656
[9176518],12512414
[61798503],107194444
[2824949],2915351
[245],909
[856802],824694
[170022],278664
[3521305],2205355
[107],1062
[1582],462
[21],245
[902264],1246614
[1478720],1241967
[749410],1159207
[21005935],61597149
[15],7
[8978],12018
[3374071],4914589
[17271],2184
[1985212],1844163
[2372],8803
[4154303],3894749
[472099],660467
[8958088],19249113
[897319],786759
[30966360],30526532
[1476926],2058908
[158015],251219
[14031358],9445862
[42430148],80092062
[71873170],183490804
[19029],27917
[489917],313707
[54876742],150617951
[2637018],2501999
[1184683],1274246
[2008],3843
[6339733],5359286
[15663372],32385043
[38727888],30844764
[30],1878
[1797],20641
[2674438],1735350
[168588],130498
[11109557],11354879
[847],772
[219],308
[6137],13261
[2240783],1675097
[4845841],7103427
[1403],13582
[31419],36983
[1504937],1370630
[189985],197684
[122],294
[106800],156876
[80],7
[597],1207
[9901750],30295684
[5760931],5157653
[302255],218616
[3226373],3972373
[486510],383770
[6983203],6962778
[27557],49466
[810423],675053
[359],1986
[1829],157
[667729],711975
[216176],214117
[1575883],911328
[7820],2905
[16364200],16171946
[35065528],28494929
[16343725],24192514
[32],193
[13369],9845
[264691],284402
[6658118],7427233
[716831],562741
[15681746],13272857
[28],39
[835911],851242
[589897],692200
[63324],90768
[288],90
[1937],1070
[228755],184193
[268293],234414
[14168],118255
[25],39
[169904],167982
[209322],150085
[539542],466926
[216997],26207
[40169067],29447348
[41],148
[71741],65087
[39],1286
[899798],706404
[90],132
[969637],1437039
[4204716],4456708
[11339],27620
[82943],64674
[9693483],5482738
[4672110],9358374
[40436],38667
[26668965],31278533
[6316116],3474564
[2402555],1234719
[7],4
[15713306],32172330
[411392],452271
[26726896],76521120
[3749389],3352974
[903825],537661
[1455852],696244
[4812864],10934723
[101605],42638
[9410317],6989856
[24525],30117
[611963],263625
[81],457
[7146091],6886387
[20],65
[35],2
[716637],672939
[1308246],1429985
[1098],582
[344939],327572
[1674377],1510777
[4037803],2961356
[87618],91293
[7803],47507
[1198],4565
[10749039],7847419
[434],260
[215],923
[1440519],1083160
[15219615],25738007
[952660],764239
[204],8
[94614],84190
[112010],126500
[3593114],2833992
[37081195],124888658
[420144],337372
[902159],870812
[461807],368988
[2131780],1245303
[4057703],3832177
[7299150],5971544
[65392],36089
[6655443],4774075
[3298264],1901317
[2891792],2651872
[2810683],2590363
[436192],487301
[412333],304780
[21335854],15622776
[1673752],975999
[411],1849
[748],714
[893447],634440
[97],353
[70],178
[34592005],28309561
[4154016],2490953
[45495],57605
[113261],163162
[9094728],8078409
[43],69
[262156],238072
[17190207],14989341
[775230],760286
[35698684],27595063
[380038],382937
[30260943],140394913
[2803564],2965944
[533739],410873
[172],514
[652749],868655
[21752141],29251877
[64620467],85531548
[1115771],631654
[96],1
[40],465
[395511],405134
[1770287],1832689
[116],191
[119684],75270
[49521512],32334029
[669630],255850
[4730809],5273639
[93],24
[7],12
[1612131],1462951
[607598],627390
[13421116],19331237
[17596474],14953880
[37601],9685
[12631216],12901308
[10042498],14606001
[321165],427851
[41187],22515
[450199],469589
[1528128],1530348
[51101],18087
[50415571],148704378
[1475448],1008131
[563220],426377
[609408],185406
[64087],25360
[256430],299430
[991367],624865
[196556],193456
[17042623],11778970
[3730912],3240229
[402089],289583
[8158074],18590534
[3009274],1457490
[619396],579993
[51093],67755
[1845554],1879357
[1039],250
[72955],100359
[24309242],21476462
[577737],589798
[60387],130700
[40],116
[440767],366430
[20],20
[7366080],7993626
[44],76
[125373],106230
[6275843],3785490
[6242132],4830689
[347],3852
[30164313],33004718
[30403795],34983350
[306882],274387
[103],260
[200262],137665
[43328427],169323515
[65703],68317
[108],6
[5107095],13421216
[272768],169167
[204],317
[8721142],4225570
[18154267],5776641
[5579870],5902323
[3921207],3993953
[235929],299349
[19290],29932
[744142],706355
[79927242],197655154
[30901774],101685095
[162],230
[94],246
[3471],12327
[6],2
[22716],13148
[3442611],3114715
[722678],890676
[184149],180923
[1108424],835488
[402545],230743
[31295],71138
[379187],371661
[100688],108624
[173],208
[8602420],4342301
[15676041],12670688
[4693697],4455061
[47606],35459
[155044],148494
[199],38
[4802353],7146129
[7305],6584
[39190916],62990352
[1970612],1952144
[201594],206587
[175446],218974
[2935887],4131893
[4209648],2740995
[450469],376026
[32],8
[25],3
[3916343],3523328
[3552930],2209262
[885],203
[41],23
[1723584],1140327
[7],11
[37668518],26798924
[673082],513284
[58075],67142
[1328941],1631604
[28],37
[3949957],1797897
[3304867],3195488
[76],70
[21912],36774
[129804],204771
[352744],356359
[299],580
[722],506
[1562751],1139862
[393882],312349
[17793332],11655750
[12914957],7286993
[33625],59769
[28862447],77598020
[819497],637796
[307],49
[734906],513282
[1220788],754308
[187918],440180
[997336],1349045
[3377],2240
[44],148
[90],325
[62871],61668
[645817],581509
[511408],512202
[10582],5502
[14502],3888
[4490363],3770262
[3236747],4220379
[5400986],7337358
[203755],183352
[929320],795884
[7860518],4982266
[2087],873
[29149],36140
[797505],736983
[83192363],203578815
[8475],6809
[172],11889
[47422],28996
[622420],426142
[503777],340871
[3350],4491
[15554304],13215406
[2989],1814
[5292788],2907802
[9601124],3477390
[26991860],24058339
[22269002],21399133
[39076],16431
[172410],88632
[4563],2276
[84],270
[218251],129298
[2406901],2260728
[445391],428945
[19322194],33191299
[59],1039
[29],13
[56],174
[34435],23184
[2230334],1133559
[31293141],35753085
[32503],20233
[406276],314429
[1210221],977143
[2016],3069
[13697041],11552234
[17553],5832
[3156548],2876300
[2239725],1717654
[319],155
[53296238],96662936
[18742149],14132871
[134991],78892
[13957],3565
[407727],252922
[96],613
[3888157],3520875
[132432],492330
[9],16
[4830654],6444458
[15114],19988
[45927172],57926058
[51056],43734
[2070729],1285877
[7332107],5684839
[12084886],7480894
[25],5
[145751],91923
[417],1325
[2656743],2056564
[4612576],2214440
[3845583],2146275
[2826],1425
[36],3
[1851008],1070004
[192616],54358
[2867657],4155104
[38],68
[1153655],773674
[12403235],23931879
[24970952],12817356
[976302],715973
[1129736],1095537
[112539],107065
[4269532],2624056
[198],6907
[40368],33938
[238],276
[4249285],4006970
[30579589],89371025
[30],304
[117938],75703
[3854620],3546103
[17225],14841
[64],22
[992],1133
[14253],12513
[823633],959206
[75793],22645
[40176232],33357042
[3891209],3556278
[12],28
[7177],41218
[21125884],18421274
[13226882],8400386
[4517148],4350874
[19637899],39147744
[4894661],3556772
[1242338],1068192
[1265188],1524289
[99],61
[204639],200375
[35],7
[19],6
[23],70
[98],56
[4297528],5677299
[1348242],968365
[30759655],33504202
[17418768],26428454
[264934],210693
[23717855],18582774
[1096321],613412
[3484044],4665625
[1072485],991065
[34903],23920
[423295],404973
[224183],165885
[229394],265720
[1940634],2921592
[20453],12599
[150],166
[16],27
[198353],139011
[62433],72027
[328809],466814
[2039514],1102723
[4387602],4194715
[223529],227154
[19],13
[1663424],1133097
[17517567],23900796
[120],922
[1607302],1880278
[15275416],17540885
[24447240],37163804
[12198947],11002255
[2018],41
[470],803
[30254288],25917809
[86704],53439
[77356],29857
[244153],37761
[4187],2319
[16623508],47493236
[73],349
[5699600],4141648
[8451324],4697311
[1590666],645461
[534196],286745
[108475],141096
[53243],32592
[4889734],7209513
[2173239],4102777
[75],187
[19977709],18814984
[29],905
[103660],62558
[454232],235890
[95],112
[5571],10499
[1338631],1080314
[45],40
[45864690],44225118
[595989],567061
[43901544],33132092
[965161],1148612
[24],279
[4],6
[648625],440237
[1474862],856632
[1007785],964948
[9046380],8057780
[33],1
[19423],13954
[36125],23857
[456538],367780
[49],9
[4361793],4208825
[3161682],2517499
[31],132
[5969596],5347617
[639990],646364
[17093377],17472801
[877402],1466736
[27935],9391
[6584],10592
[204898],170354
[1844350],1684318
[14614],4536
[1218089],1403923
[187],95
[718296],890676
[94],12
[948637],480383
[5128337],5441062
[270347],221322
[384714],453746
[2737836],2246327
[43],27
[17314],8627
[2079],1155
[7449311],5454222
[1574257],1355150
[5125423],3009431
[217],229
[7646573],5213346
[169077],191283
[2214996],2128882
[88876875],298904262
[152256],86217
[852529],848756
[4700437],3306547
[57820534],109827984
[254640],314761
[254712],243161
[167],22
[3064251],2795378
[2932642],2626961
[57122],123220
[3051454],1496538
[6109240],2559703
[4806357],7252396
[14419623],12670688
[50659649],32614206
[15870971],22901284
[42],125
[15155],29173
[2886769],6631699
[619364],440596
[5398130],2476862
[2499834],1841514
[248],1350
[72],373
[8507378],10411010
[195999],134361
[1823866],1577142
[10838681],9201261
[2795822],2553391
[52],28
[433589],161634
[14718457],12633648
[45143669],102610978
[588048],496586
[1690557],1315627
[26867],53935
[8841],6412
[49515095],142632403
[6613257],18542875
[3802956],4710859
[13],1
[25],14
[167190],141014
[27810585],35576913
[37599],32326
[244],20
[210904],187477
[7],1
[4941804],4974879
[4588999],4008037
[716931],765105
[48267562],55514383
[33259286],27607955
[41],6
[2163],3275
[15472114],17164157
[16745329],13555184
[4437],54763
[6984266],6333531
[97],46
[214568],159913
[5733],13662
[52],1073
[121],65
[2800503],1275210
[15030093],13141590
[2568],1548
[81],193
[42],1799
[189],4747
[4086064],3227923
[108349],106939
[28824038],57873844
[48526],41269
[819],632
[27],3
[16005802],15858059
[1932729],1800972
[3619867],1747236
[1367],1017
[723908],626775
[2606451],3093512
[2415],10771
[862454],725315
[26544766],23684263
[80351],33203
[12260411],10678683
[30271],52166
[48182758],125546073
[17],1
[55152],30020
[3015025],1422065
[351881],319220
[1124536],3134565
[161013],185222
[2694674],2439190
[984],6178
[51677],34034
[150901],86920
[35],80
[1257314],1481671
[4658465],4596147
[6648175],5274900
[32],1
[12112462],11677412
[28857163],76829516
[362792],451359
[126455],481190
[796153],729828
[972756],540416
[3921],2217
[1371309],1478437
[1059169],416730
[22134903],93378056
[5521366],11972882
[349015],283161
[14],16
[2457389],2818289
[1849042],1659899
[1164589],1136394
[20909104],18841902
[58422],34740
[40754485],142804015
[3103883],2637449
[361189],424419
[120],700
[10595957],18921201
[42],165
[785803],838903
[22],160
[245],492
[1396339],1276334
[16111082],17555966
[23240],9306
[337425],378985
[124546],133677
[1292162],1032553
[442142],271896
[101],7
[15697042],46358618
[1987143],1173231
[3622],1487
[10],5
[1005583],853271
[2145996],1861076
[2173727],2974409
[69],33
[11356172],26445592
[52],105
[50921],51936
[576312],448902
[164048],169457
[10049],2572
[71],25
[28849204],34507765
[3441040],3084520
[1587510],1412908
[2522234],2443120
[198],169
[12],5
[584426],666601
[554624],529044
[41175500],32894838
[154],73
[337541],281551
[19],2
[1590],9946
[6],6
[166049],206884
[11783601],15390968
[369343],355007
[6],30
[1253597],826337
[109463],139004
[34],54
[17],5
[703],9
[1197284],856871
[1078078],1049002
[76692],504867
[618479],447190
[454738],334161
[31],246
[43120],84567
[45678],207836
[3238086],4582748
[25],14
[7957109],3902663
[462540],480316
[89170707],209733506
[103],1125
[16],108
[32],85
[1112984],1158588
[7119],17397
[508948],667562
[8746],4933
[386534],377510
[4624289],2433637
[305700],397756
[723872],593926
[821315],776877
[805716],899606
[875],610
[56125809],152000095
[1895320],1996151
[9646998],3557259
[134544],128718
[271921],76340
[1163941],662748
[21583244],84731145
[2402849],2133735
[1271823],1240286
[524177],534227
[53758664],94920580
[7819950],10016244
[51840459],35426350
[681729],677541
[33],330
[15513],9749
[209091],224904
[84425],115593
[6198791],4459752
[1802],3868
[1783041],1647418
[38451769],30412601
[7],1
[1692],221
[40],260
[20899907],19524378
[11811739],11500144
[6262359],3793414
[6],19
[19260654],50863139
[921406],919259
[1946657],1813580
[5075],13255
[567546],768663
[12922468],18220542
[4378805],12467749
[151],5688
[35617113],29080426
[5],19
[659],8393
[12871],22876
[1409910],1193170
[71160269],110494657
[1431862],947534
[100],1446
[112714],79754
[36127],9733
[62],31
[1726577],877154
[17948271],12463027
[18459],39587
[14133746],12670688
[10811],21345
[9541402],20868520
[318],635
[717338],756656
[135],37
[969975],977911
[299192],353326
[640229],487854
[9588062],7073920
[23763696],22910089
[755727],714093
[5391113],4840920
[525005],343816
[6822],1873
[17],2
[761776],737879
[2829396],3205151
[92669],24500
[25],6
[22114],36060
[217],350
[33699],3144
[2937071],2287668
[14],4
[1888],610
[36942],10534
[3351505],4660042
[5862861],12332811
[333322],289861
[6457015],30132403
[17399890],11855025
[72],102
[17331],13658
[41],1
[42],10
[12211878],4204012
[1057504],1220136
[339206],229269
[298811],223678
[4750916],4168498
[442393],447516
[25],14
[1868],68225
[7733203],5955482
[15231871],14543460
[1210],1381
[3948304],3455739
[7977371],7439807
[64082],22923
[452770],597627
[104778],56981
[340675],432321
[2594868],2317023
[89075],97576
[2241910],1848829
[445176],425568
[22446],11162
[4298862],2897862
[38],32
[25],9
[34],1
[13109847],3391838
[950578],701474
[80112],137115
[4],6
[11318146],3993612
[29],5
[3712698],3305397
[7745690],9369020
[517341],301491
[3384662],2350927
[78],5362
[3682031],3274373
[2127],8342
[8622563],12378355
[129097],167360
[1129932],1724615
[101],538
[397223],347213
[27],2
[1856],26023
[12997],7092
[26],31
[210799],225632
[23],41
[691],1287
[923164],950694
[326452],345572
[89002],62892
[21],3
[570],8685
[18153187],20122661
[4720],39114
[265],48
[268],657
[18846729],19273089
[83475],104236
[1872],5697
[12329],6626
[40],2
[465089],592024
[27],143
[41],9
[3774630],4737678
[2891905],2650231
[3428315],3403022
[1269489],1274246
[516424],487278
[3758999],1527068
[16729250],45200582
[282650],298798
[501],1051
[412],221
[1257],11523
[5],10
[409916],640693
[20604],6323
[43],7
[158582],88290
[4966066],3102069
[16574],82939
[379174],488102
[34064515],19177847
[20190593],21110285
[7790],153
[862613],1166037
[25230954],67765592
[3],6
[223860],260794
[43195461],29863915
[3267945],2990111
[54],30
[73250411],158114582
[46065041],63900629
[1531459],1361887
[43],8
[220],695
[1086243],519008
[725982],446436
[680506],1160088
[86],514
[123],2342
[31551],30086
[3104359],1876865
[410171],299235
[18],1
[8574156],6485719
[87164],99705
[7193309],6190465
[504509],275248
[347258],305766
[140],430
[75242],70640
[42783],120910
[6422980],5912738
[4364698],4208328
[33710],39425
[6220150],4637194
[10577403],8718956
[84],3
[4596382],4483330
[23896153],12359600
[33],20
[239502],245057
[1497248],804424
[54821],69391
[534566],461861
[17005965],9192653
[1545963],1490229
[238528],120417
[287],2304
[323],3
[796372],718296
[3694850],1734348
[3673898],2353753
[286326],89748
[3964910],3713124
[14680461],25739143
[1038266],1107102
[3420904],5993773
[890],2020
[4632879],3379185
[479556],463868
[16008],43819
[6964513],7595932
[138],379
[153187],198280
[861918],32394
[1513581],1239196
[285558],250221
[335],10
[41],515
[1244877],1501964
[2088001],1874100
[8893003],3253451
[466808],454035
[1813955],1582119
[44683567],79930589
[7157503],9051323
[18863767],12079771
[532399],443000
[19282],8526
[35589471],72644813
[26448],29989
[33],543
[476],76
[1256275],546477
[192605],151385
[26],24
[63080],47114
[11112556],9114086
[60792],54142
[5804],3951
[110210],130357
[27],7
[152991],115135
[1064120],742300
[15254779],9417380
[374061],212142
[1920728],2503305
[1995584],833498
[1360103],1138831
[50],54
[19596988],27920406
[23],34
[243],730
[46617454],53178431
[58989275],95236636
[55031],47990
[32417],33195
[2447673],1274246
[587],19663
[1310826],1354335
[1963],1113
[483551],362336
[7015710],14473925
[1549170],1347819
[827461],543012
[176236],84942
[2884731],2471348
[9],1
[10181],4790
[53],48
[4073844],6594815
[619514],441804
[23344],126393
[75455],38508
[66],172
[12731151],10390579
[265],107
[29],180
[674023],399972
[1103287],879841
[979],29
[927704],1006019
[4140318],3918638
[975279],941554
[2318362],2267649
[334870],362662
[186],319
[617],480
[36056],52527
[515506],502550
[184],69
[13000462],4166207
[58],63
[18201643],47602591
[1523593],1362566
[2773],2309
[60114845],96114712
[836064],1084665
[5],17
[12],14
[11477675],7159945
[144],61
[10268966],8104449
[12094171],9778260
[88620],57348
[1130],9
[459114],1109914
[638155],766296
[759697],705399
[418993],423209
[37098570],29332677
[842583],499827
[26],36
[20777],58388
[24612549],36472625
[15525204],12084978
[2169900],1930075
[76068744],132311278
[3658201],6147820
[243004],526409
[742875],459978
[38],9
[2626985],2216272
[103],219
[872859],160714
[4392023],2423093
[9448739],8546221
[409480],573936
[4953682],3671786
[800471],708754
[488621],426884
[105639],56835
[21573],42064
[2910],4142
[44911747],77925803
[11161],8244
[160],141
[35108288],22374461
[1321121],1068085
[1518269],1170959
[17101162],19221295
[74],199
[35578640],64170926
[17524816],10152905
[6265778],13625959
[4276772],6137571
[55472726],124272958
[1973112],2596371
[2501335],2604582
[1309846],1198535
[41],101
[2722731],2414405
[1999],8
[308303],368451
[382976],400062
[3450590],2725549
[27848],34165
[328],25
[1396611],2771974
[2508853],2851872
[8049726],7924627
[42737783],39863872
[52509433],40040288
[14890127],17501949
[1201],406
[1438],57
[2905212],3372159
[6882],11841
[658962],561269
[51],7
[1872023],1677740
[95],423
[15510462],14880356
[194],145
[353],207
[291966],328236
[5509018],4430555
[187],47
[406001],394174
[4052313],2761205
[641921],484971
[1135428],1106364
[28],114
[3726488],3750033
[29754],13059
[103],3
[164318],119727
[10854],6909
[106932],167814
[1879338],1063450
[30887742],20886545
[13],22
[36443142],32180646
[7],1
[114521],84988
[4070944],3843492
[8904451],5688802
[6046],6127
[1940078],2841491
[63],788
[1673410],1811909
[46770072],49984281
[45071694],60339702
[1270299],1274246
[1069725],825421
[1710569],2602411
[827754],1297979
[2961448],1447244
[69235714],188735246
[43],59
[3032844],3379866
[48852],33962
[625420],341501
[658848],277438
[80671],85543
[84],591
[281550],353562
[57018],85012
[386427],315001
[41198],3593
[66693],76882
[9477],4461
[683188],565439
[4000406],6172904
[640086],1207478
[14031041],9168317
[160],225
[1034690],1027110
[1048232],525070
[336861],273949
[14505153],21368329
[60081904],159473292
[163263],142054
[4623970],4008037
[48],12
[55111],208334
[1252676],1324212
[2220],12645
[558984],824468
[2382064],2312463
[323347],287440
[22085874],14709511
[40],3
[12594865],65692339
[40362626],89898894
[4031207],2933652
[969691],974641
[44676],37544
[2161],2296
[4572475],8118366
[2135654],1995417
[137918],120891
[23252444],29283976
[42],1
[2947534],3463106
[33558793],39453245
[30325343],44634620
[98836],97028
[91616],76303
[32734445],44570858
[4564],18716
[21203],40684
[428525],558041
[449048],367435
[5270],51315
[3135541],1893495
[6849634],6304499
[3640403],6003576
[1088495],1400364
[17],113
[16564555],13900534
[148933],198114
[613801],600339
[430207],326794
[30852507],32681953
[54773],28598
[4452229],3187691
[76013],101142
[38013244],83183915
[5],1
[26],172
[72402886],147122845
[50171537],68398875
[17148],24543
[383595],345193
[2101195],701432
[8016612],7695340
[44130925],32615564
[11719538],28418725
[85941],73141
[3649973],3089586
[1421954],1243355
[2417144],2109092
[11749339],10196535
[297283],441439
[62124126],59165385
[629078],625581
[171407],107827
[10001840],9922924
[2341],1564
[12845],8495
[40786],62721
[1196179],864903
[886356],719676
[1638135],1341924
[7055779],4792092
[2761007],2438779
[177649],269384
[31],8
[103515],245576
[2456045],2301172
[28631],34676
[17],28
[12838254],6347403
[575],5526
[3414167],3411496
[5510898],2355883
[41],358
[3459825],4117801
[20],12
[134073],119284
[296],130
[33236],39057
[656],198
[1012697],1009641
[2957265],3107616
[1560250],1409242
[47254],15495
[40],88
[27162715],31963525
[317],169
[70011446],87174852
[1126356],573814
[225],63
[940634],713253
[32],92
[8258802],3973318
[10776],4648
[346],638
[561218],516374
[2263433],2812822
[206620],161867
[2025469],2316228
[6728892],1552279
[384230],497524
[49050],35122
[89],707
[5197116],6019224
[1482794],1356575
[1366659],1131076
[37],6
[2469806],2515032
[177],1500
[67165190],331809997
[130743],128793
[24],500
[942741],1136443
[28144994],59270902
[2059785],1894483
[246],687
[478],754
[571337],297781
[71],155
[162],143
[55],559
[45067300],34561489
[408431],458532
[3065002],1712565
[2300205],3611227
[15],17
[1185180],836519
[672289],623586
[36423],36192
[80],38
[40760],12524
[233],391
[926850],838321
[433],1192
[2649274],2695108
[6794],5565
[475460],360878
[462],440
[3695351],3339335
[750],24
[5357604],5107743
[2073348],1918641
[13073253],10039501
[1755],867
[2662223],1724367
[2091594],783630
[1314601],1183287
[7639712],7077066
[24697942],23394732
[4350],5512
[125],87
[731420],536096
[28],1
[153],905
[2014362],1350382
[4158929],3904581
[5137577],5665372
[2066133],2200368
[12642290],10653088
[76644],65286
[542259],1123999
[255],513
[382661],602320
[5384418],5209011
[675],75
[1288946],944967
[3127361],2858028
[2629138],1621697
[4235977],4235213
[388307],296348
[44668],89977
[20],14
[1642521],2069517
[24556],18060
[1269238],1269404
[20070895],14633839
[1415830],1750129
[486],1704
[1682046],4684433
[11960153],13547589
[2192238],2485255
[211],127
[203383],133248
[1409123],1350178
[261],2742
[138],12
[475653],420058
[4585934],5131636
[19956],7920
[705],5957
[335],1473
[69831],40027
[62746],56880
[754236],1064313
[2623124],1330601
[69],1847
[7667339],6498655
[253641],314123
[68816],42690
[2348776],1758272
[31],33
[631430],1214775
[59],22
[1387731],1160018
[5362],3321
[5093221],4354840
[971851],1499753
[11761150],7056637
[16601],109697
[1166818],998537
[337237],316568
[153369],130068
[6311222],6732405
[10],43
[13122339],11269436
[170748],138010
[2159849],1947444
[959862],625426
[704694],671278
[7194455],6238510
[4638678],4408120
[1438334],1390901
[425],107
[1622552],2127470
[4018],5866
[33],9
[428001],266407
[23067399],18280108
[10588287],12597432
[286769],246006
[3620043],1781253
[6271800],7659424
[3314],1862
[4627545],4716594
[88550],116375
[436761],392897
[14254429],11914691
[5104084],4359715
[4383],315
[741307],628215
[7050538],4636597
[41631],72754
[33569],16071
[131131],130461
[349967],501677
[19530],18454
[3446801],2739335
[99757],73209
[111],255
[7914555],21572598
[569505],484138
[65834],37231
[23729476],42402654
[138577],164294
[37252433],42901949
[16572100],30027626
[3813787],9446842
[217502],220667
[1876206],1025670
[618],648
[4284839],4444895
[8],1
[19821],36156
[8],1
[5085475],3491355
[9218237],5635566
[13],112
[6913132],8424544
[28395238],35200074
[25700],11504
[184138],94252
[1582140],995431
[23892],48584
[120564],146677
[427075],792297
[363736],359141
[1452134],1471397
[14048619],13161664
[938395],1493231
[725791],715217
[2551],3340
[8743734],11438565
[164],403
[2720],1509
[71],106
[888796],763832
[795269],930468
[1407221],1318085
[420628],414768
[1269264],1015658
[5055891],2291438
[4330313],4323131
[116412],31155
[284456],244102
[6898],4896
[2779868],1163974
[89558],141039
[104],211
[685541],535461
[27743608],29965580
[1647926],1538000
[670357],704352
[40],367
[5619171],3593328
[25683],9984
[256178],199105
[167893],125664
[23073571],24130698
[28455836],19390648
[18882280],11623318
[54],1
[16],109
[138680],119727
[13869457],58654767
[431],1614
[487773],346834
[1439095],1920505
[224],233
[1666298],1556524
[1542564],1993327
[764389],667951
[625074],658940
[3392],1509
[11071725],9917346
[18183451],17079334
[342049],226782
[1162134],815464
[20949093],45166678
[50683],11579
[760389],711586
[37198613],52389960
[194679],193982
[298914],372643
[665059],438439
[28349696],21499892
[16923950],13864192
[25890034],17905810
[5688896],5394228
[661],2676
[512],2587
[10823],642
[10682011],10659825
[18951690],17324491
[128],1
[14],1
[233],55
[34],370
[633357],356274
[204058],162551
[58701018],134080846
[1169455],954151
[190],2245
[1254899],1343588
[136],28
[14315675],12041232
[2913472],1896804
[17739192],24556705
[3210095],2861254
[45],231
[2190467],2227670
[3895153],3650730
[16575371],13580540
[70458],57139
[1025081],732028
[265676],239081
[49348062],51661887
[26376669],22847198
[22829],51701
[1014],7605
[3205465],2553609
[8873094],7498043
[39402664],28166197
[5907911],2512383
[58076],46747
[6],1
[9],3
[15278],6038
[3707771],3326189
[13356],7599
[1875213],1762321
[20576754],24852346
[205],277
[40],316
[9344168],6421310
[3487294],3561543
[1276800],1113656
[10876],3688
[6072936],3324598
[3336071],3324404
[3641217],4676700
[3745566],3361221
[2559],1548
[647591],391591
[138930],63273
[290],649
[86],12
[133],435
[2945628],1523018
[5095825],8313579
[63733],61665
[2710],10680
[14199791],16533757
[349793],322388
[4654711],13242600
[194],18
[634617],605090
[3938107],1655286
[1333841],1029487
[17933766],29400656
[10],7
[3448954],3111787
[13275976],15965735
[13],9
[4478020],3829546
[1840253],1639918
[594889],486036
[118],238
[487],3171
[681015],527068
[42],21
[15865047],10384916
[101],220
[37475],49610
[4681335],4269783
[173],179
[1010776],734695
[587536],400165
[5926203],8248870
[64662],29247
[6170811],2651872
[277],3382
[11164363],4732767
[10],1
[20],118
[2569692],2546676
[4020265],2264746
[2102],2608
[1193],17460
[300134],309187
[51084],47800
[9],11
[15],1
[4155790],3774304
[7],3
[419805],481172
[5701613],6402167
[1854546],1662011
[2210140],1380742
[2499008],2369736
[202],216
[18152],22264
[874281],636738
[3421555],4019820
[4290768],2425085
[7143067],3907557
[12569433],7912656
[830510],807477
[1427817],1584686
[1538465],2400263
[1437725],1264091
[48231363],130473932
[168],293
[541795],163032
[23054457],24130698
[18885603],13292008
[15249140],19960933
[21514],44674
[351335],360763
[35495],82589
[3777027],3759304
[26418],14899
[4451605],1893725
[815381],646438
[2208435],3295126
[46224],31307
[1688939],907273
[26586112],23406476
[4305844],4326365
[1808294],1561013
[2228820],1223851
[364238],916046
[20295363],18658174
[35],2
[4603317],4474949
[1858729],1553926
[184219],163530
[5505986],3338728
[155881],125182
[3818065],2083778
[80441777],185990843
[376],144
[34],23
[41],8
[1861538],821109
[8448],1093
[25282],22239
[8678370],9090766
[2357287],2268028
[43928],35286
[4580953],6573800
[355315],362939
[2736925],2370616
[439292],440628
[9261],108854
[25374],20045
[5411412],10226660
[1176522],1050870
[37864387],51668834
[59697102],170616734
[5914],7057
[9283241],9288953
[8797585],11577086
[777],3140
[95734],91252
[26731600],22560989
[28],3
[6554391],23842427
[2885860],3788302
[545],4519
[25],58
[771],1973
[53956534],95271374
[56],6
[1175],161079
[96],5882
[3800203],4443602
[1787012],1421851
[449375],482847
[5947796],3120776
[414256],470090
[5341569],2886164
[3188],2203
[377570],300269
[16441782],15290884
[45],131
[16815],8286
[32],17
[334727],321741
[295],865
[358503],294365
[45624],47515
[643144],596702
[881660],503555
[7066727],2861343
[4559029],2395887
[11144],100018
[35],723
[48061460],88961079
[18918],6834
[7264],6603
[80984],73440
[47],6
[19411145],15118747
[2997885],4488624
[2085758],983305
[1854],1503
[42285105],72639411
[996780],934835
[2639],1579
[429350],463527
[105],63
[15583218],15247603
[403821],351495
[19454745],15328873
[8096414],14002907
[177602],161204
[292],292
[9912917],26443187
[60321],41748
[90],183
[224161],176011
[292802],552843
[393],643
[17],2
[316505],233763
[63536],23710
[118755],77774
[132392],227780
[3616413],2547957
[21977714],12191414
[1092851],913140
[134258],84488
[3867791],4014657
[968],145
[621048],344733
[2314005],1996554
[61010],31926
[4256541],4279819
[124725],62283
[4483257],6515584
[15313513],10641958
[242019],240993
[657654],735772
[39974393],77758873
[59558],188190
[40],17
[344862],280023
[4192855],2037748
[2777258],2474856
[4348594],1131619
[36212],47602
[116649],53244
[327373],221388
[11196],13046
[16212985],10854432
[106475],69108
[2416963],1178622
[25],550
[26379],74010
[59829],225617
[1110978],858224
[27],152
[116],1799
[3217],2748
[313164],290762
[1261822],594597
[5249039],6846608
[582070],666995
[41144424],32801632
[51],6
[10221677],24034840
[778],13
[34667889],43629486
[1073801],951227
[606],96
[33],6
[75933],97144
[1607937],1124006
[415747],340614
[715512],609189
[92660],74197
[21733502],12670688
[921],1765
[4407534],4190211
[32655065],19456842
[208727],433920
[156581],122028
[28622274],29243147
[2728639],2456303
[1933699],1786315
[3637050],2232866
[14591],14381
[101],323
[625214],554044
[327845],528099
[878479],678127
[1037427],914917
[345],139
[32031],43973
[25870495],22469434
[21714776],19053871
[68402],59876
[1124043],1201016
[6673731],3679220
[478455],470098
[2263501],958069
[1584397],1300642
[1221998],991845
[6745],18897
[458457],410089
[1519029],1788242
[5928296],6824561
[2125675],2187137
[818],3
[2826],13034
[33],13
[590689],923420
[1418],3217
[117803],103141
[224532],360853
[134174],381558
[1851970],1695377
[5],2
[246],63
[18239],12631
[24],21
[13604],15265
[4479],13630
[45],44
[20378640],18936854
[244],338
[172804],129917
[24934],11137
[22198552],54898064
[22326001],14667080
[9361],7295
[274],200
[32],15
[1737494],1574946
[112045],95177
[12],149
[30555],27888
[1079354],514511
[15874387],4496897
[26815],32183
[188449],122886
[11658484],9978586
[65],31
[2035987],1784078
[1772934],2445087
[1805228],1804166
[634691],738549
[12023701],11145089
[34462],20199
[3842868],3031615
[6841],1352
[49],7
[6635957],3453099
[27],1
[1136],584
[64843511],94634840
[1352472],846821
[17238],9049
[179562],255951
[163518],186983
[2780731],2480924
[1365038],682787
[1179131],995464
[33266],35056
[186087],197552
[4017],4741
[41421],20515
[5608],3449
[1494125],1270714
[16384252],20748721
[36313599],33319824
[24285582],16408203
[3],2
[208],51
[296719],185585
[146],116
[856],11303
[336857],283484
[26587534],24529794
[239],229
[5225774],11557568
[4738747],4436225
[3153948],873763
[22650165],20839943
[946224],790981
[5633406],3201351
[10184931],7271271
[42],73
[5514910],7774061
[5767263],5975943
[2855195],2285920
[19],46
[3882581],1940808
[73504],398825
[352810],456844
[23007],9232
[38194372],30215955
[733913],960853
[3418],3592
[3801532],3233674
[2905916],2561482
[2165179],1893172
[7217691],7450666
[2622],21202
[478431],444772
[6974],11120
[1270218],1085803
[2525],4012
[18653203],16658691
[6405546],5581242
[100],5
[14],11
[209],78
[302934],222560
[64],305
[4752011],4457056
[42514228],26571197
[167206],151216
[694],3041
[4386],1999
[2026638],2237660
[32],6
[420707],414040
[11613880],12031325
[1733],364
[4483129],3911486
[3095774],1598610
[871572],873558
[4271339],1885835
[43],160
[65387],49303
[1070922],966070
[25498666],22118347
[778875],476728
[80728],66888
[12222612],16221658
[3743843],3374414
[40],167
[14311165],12968815
[1634129],2027527
[4771720],4430342
[4646516],4406514
[1730558],1128638
[149805],184137
[5366287],7564405
[13814],37802
[272],328
[177],189
[3378707],3234527
[73849],82163
[67054837],126577621
[238],397
[360826],336510
[20442512],23794735
[53],3
[37],3
[245382],245256
[1268920],1274246
[351227],263346
[7],2
[1982723],2071677
[4577871],5059932
[499133],259579
[374440],423108
[42],9
[317],91
[1170],3082
[4061],2274
[48],57
[153093],123709
[4179754],2023764
[42045417],75212132
[128941],79634
[142813],51300
[4791824],4427734
[14411585],18470226
[17388929],14207695
[57896],49996
[23],1
[123167],2785
[3549818],1871047
[3735275],1214780
[120495],200233
[5582000],2577641
[4271482],2500822
[2500039],2190499
[2376],3444
[20],22
[44],3
[787447],496412
[11548954],10802293
[27964],12348
[3127539],2856797
[6877559],6066347
[2554943],2464294
[35223856],28148624
[20240492],38608324
[7],2
[95],28
[55777],117824
[4349954],4123013
[19241],11384
[15177185],16354356
[27877725],24692949
[3371200],4129147
[1089035],863307
[1890346],3431410
[1898240],1648992
[39892727],146507839
[5606764],4791400
[11120777],3891082
[1115486],1010423
[99752],125981
[69],392
[114],1083
[71149],54150
[68525098],208470189
[550948],248035
[7684735],6112184
[68705476],188061986
[20797901],23138462
[2441444],2105622
[75],414
[20937065],16892742
[127],283
[6032836],3789147
[4420071],4144209
[25],54
[83479014],196822119
[1756],273
[80996],80563
[1140267],947467
[19438],37662
[1870],2976
[3935200],2417968
[63264966],211241006
[36336490],29042893
[5],12
[153414],61349
[120],1682
[604],2144
[341871],119163
[382522],403001
[3411015],3638385
[9738559],7513868
[366143],268326
[7139849],8946570
[12447600],10282670
[579518],368332
[14992024],16204139
[4130823],3865640
[31],5
[16390858],8239032
[1131934],1243593
[40471],14583
[37369948],62707942
[77],442
[31008324],28955192
[7],4
[632537],496307
[64928],17682
[343],570
[574563],499966
[293280],167195
[64348],61172
[4300099],1777529
[76940],185225
[261395],146708
[19814],12481
[1256948],1274246
[20441686],20579284
[183048],107804
[1836372],935014
[51645],65687
[4340024],4221685
[20],32
[67],16
[2241113],2389476
[10],1
[3436698],2197708
[1542151],1381693
[229],388
[911744],658924
[57715652],95071090
[2571052],1640286
[18843525],25291056
[40],13
[441018],619926
[19745],9466
[88],3
[55],34
[32321],40292
[2361251],2107968
[18211839],11231877
[61154],37295
[8769430],3447985
[34],22
[40],160
[32980368],27786331
[102169],53630
[4626593],4391331
[89],1211
[3445789],3149821
[1959680],1597791
[89689],41443
[26738020],27321443
[4371543],4046459
[7887612],5563923
[463542],568618
[159394],225735
[4514012],3893394
[606845],441681
[9780402],12818510
[115],10
[7970488],6120001
[42],73
[6405851],3574769
[38829646],59928559
[4002104],8776954
[46082132],127781099
[1079598],977079
[217370],201396
[126416],132382
[2140],5496
[10878252],8389919
[38505],12897
[50452],17622
[72471],79439
[398198],353845
[115],143
[22126851],23290256
[22],522
[2417613],6606420
[559],1059
[9],15
[20],236
[3643781],3765028
[176565],142841
[266],44
[4134],2782
[823],1813
[27],176
[20320],11105
[3713961],3205060
