[76],838
[246462],297013
[30567448],31427248
[314],12
[853343],733244
[598],515
[1413366],1141529
[4360916],4344670
[9977159],7987245
[362399],381253
[42],46
[3532934],3311512
[1206552],1038381
[2619434],2706674
[2135],3495
[1288678],1274246
[6959166],7451973
[2895876],2990419
[211891],267611
[4085],3303
[33],8
[1471368],1312009
[37445114],33316050
[4700745],4416021
[1350260],1215398
[3096],11017
[13867033],14570665
[32],325
[18],143
[804946],789644
[1316406],1214571
[136482],136323
[13070673],14469750
[959399],1011676
[761426],714822
[3135835],3056412
[8656],5629
[919985],956615
[13],2
[418766],435786
[3057304],2929788
[9365045],11216419
[2421114],2235039
[78516],96573
[1127959],1152615
[4285343],4172273
[870229],709850
[6677],15207
[44929],42883
[3247822],2889401
[9306],12001
[553700],549622
[15683],22900
[36],33
[166857],175118
[133128],222131
[7091077],7657830
[2995779],2192596
[14758709],14887750
[44],39
[690648],712963
[217],12
[24009986],23501220
[15709],12691
[171019],131642
[122723],96943
[56202],52890
[2374299],2310810
[31],42
[94702],81344
[2106093],2370751
[65577],56946
[3315276],3671545
[635127],741932
[757909],662416
[2904],213
[40662135],39982151
[293],398
[4506360],4198516
[1207338],744542
[20],2
[6675073],6646317
[890099],843688
[43042],49402
[37],2
[44],1
[4095295],4072192
[49118596],47016857
[18005],20114
[1036245],1042283
[69],59
[6044],20754
[899359],1029245
[1867852],2016503
[13],8
[148],483
[22169116],22363041
[1864462],1892838
[75],561
[27890754],28177721
[5521779],6081642
[2138],7261
[4943661],5995389
[577],19
[24003963],24382536
[37053738],33128308
[12],2
[2433069],2314071
[20760891],20032173
[7810416],6694220
[1508774],1556102
[10907405],11429999
[11249],12698
[1283462],1194165
[281633417],314536973
[66921826],81818979
[39],922
[192920],203113
[668941],624234
[2267317],2728943
[6792716],7567967
[227],149
[44867021],56848525
[28582621],29586445
[2736339],1879167
[5246019],5157644
[75],33
[178862813],177494679
[96],355
[60082],86532
[2895838],2990610
[688],77
[10089281],10169372
[2928176],2848793
[6676882],6639277
[511033],544532
[208019],120023
[1142910],1346178
[20279781],18332497
[82],156
[1862107],1997146
[289819],387979
[4015669],4479478
[19],45
[788970],744010
[184],42
[242015],258248
[26],210
[388796],393813
[17689802],17363671
[82018],85618
[28320555],28150437
[3732128],3932302
[1924378],1935005
[13294283],12761011
[13610854],10031889
[2541198],2697169
[10277125],9847312
[128506],106824
[2994017],2945450
[31796839],35390077
[6932022],5291581
[63500],74146
[23478692],22791697
[466556],459573
[4020],5674
[1081826],2088756
[3002944],3246200
[3211],12632
[32061],72446
[7846381],7813854
[7],14
[27325],27192
[16302],17561
[2032939],1543595
[83215],278473
[1628543],1345620
[211],1143
[10265755],8770496
[4093003],3985017
[74619],77964
[969778],1056939
[816227],740622
[31656],29660
[23],1
[13189725],12500073
[543914],413446
[1688008],3041298
[2599939],2599585
[505153],1520208
[120826316],133915414
[2080497],2218831
[1628772],1267919
[3586251],3476378
[162],429
[2870],13130
[72789],69236
[2707465],2575581
[8489],4694
[3617406],3433275
[140038097],146979016
[105902],116706
[246371],269383
[4961468],4361932
[3245456],3376865
[745655],795055
[12180],22432
[13769311],11957367
[180394],129336
[909150],479803
[275635],258870
[504863],488154
[94774],101317
[17352],33759
[294158],313480
[28558740],27712580
[1542205],1674159
[2013813],1420415
[17800061],19778058
[13372],21316
[3571885],3674270
[512241],409629
[42892],32576
[60086],69434
[209397],420042
[1912],773
[38],778
[431],429
[324],314
[56089119],58986126
[12726656],12670688
[1484725],1303666
[17407],10318
[20937],49936
[737622],450441
[21],155
[3632158],3411365
[1566493],1357579
[2964009],2771514
[427190],336309
[12154818],9949305
[728025],610917
[652107],369694
[358619],442387
[35482],32529
[196749],288926
[5447440],4494302
[406040],442278
[10217218],9057189
[77303],87344
[739870],659386
[29899],21499
[15757572],19953519
[6403],16640
[369207],378799
[88984],81160
[32428952],35495160
[419450],458296
[751218],680091
[554397],433169
[63],982
[132763],131640
[286088],378876
[4715],1602
[4268],8594
[167912],194499
[2678450],3347285
[9347],6128
[16671785],17454365
[26368893],26663241
[1265941],917195
[7004341],6771894
[264738],322839
[1872],1930
[29215096],23998365
[8692],20356
[3257],3928
[9139443],8155239
[696354],757992
[270192],255300
[29],35
[3829550],3402734
[2946563],3199424
[105980],148117
[221],1650
[4542531],4568446
[77],93
[503158],499840
[1769428],2388210
[143432434],163571133
[341501],390941
[37],132
[937231],1082138
[562652],517333
[42],397
[13],5
[73282643],83791280
[1554892],1660869
[968305],1076953
[101],297
[14],1
[1676192],1748180
[52],87
[26],12
[1244852],1237707
[382896],328221
[3],2
[1799919],1765741
[2447283],2504778
[9500163],10453544
[5],17
[963428],857942
[2508916],2726265
[7721783],7324555
[18708],9842
[1228358],1248879
[15633194],17601365
[10418599],11160062
[161],38
[379393],582731
[55598580],41903582
[1053668],1069051
[580],777
[2030214],2137953
[3],5
[6473735],6701798
[2539320],2422668
[1826],2785
[46],152
[227],313
[28220590],25498396
[404724],458418
[2563101],2252536
[626486],665228
[98072],93082
[31954577],27217405
[5065543],4891061
[81048],97842
[1395180],1426839
[5299633],5093894
[6561596],6989602
[412317],554134
[1336694],1108456
[3],1
[20],26
[166307657],184062220
[22430],23119
[159811],169569
[1978129],1721700
[21],44
[1221927],1057866
[64586439],60055286
[5015],5042
[46],15
[32441524],28808107
[4277967],4715345
[370526],361427
[90],2340
[8309073],8269208
[890534],729031
[1794163],1696420
[319307],499598
[30878159],31241811
[2100568],2418890
[854133],822645
[217],1163
[24439800],22788070
[31],23
[14794057],15356047
[106315200],117331447
[9172112],9233840
[146244],383352
[367515],408662
[1944411],1747317
[11247141],9536222
[6197951],6539903
[40497],83685
[1530334],1581674
[383618],364715
[9347780],8246266
[6532770],6569607
[819958],798359
[263],174
[299],42
[855404],1081773
[19673],22338
[8260000],6384033
[4101435],3529832
[2543858],2148400
[1318753],1149553
[261297],116285
[4213875],4209924
[340912],322988
[149217],135565
[548996],1012740
[347394],295368
[11519045],10808855
[354981],386906
[17991837],18038074
[1933],2438
[26],636
[24316093],25009887
[17952],21203
[1221661],1262230
[1274858],1314151
[3513033],3557392
[40249002],38668961
[3108920],2230863
[1808044],1886579
[1367],1815
[3402958],3224306
[260586],313244
[11634],13961
[11],53
[23820159],20289593
[1880127],1602477
[46],5
[12754695],10699647
[255],198
[3079529],3269126
[7257007],8958418
[2584261],2155279
[4469738],5282211
[30052051],28667223
[4088120],4178571
[2978],3377
[116],84
[27],25
[228],809
[17],4
[39],4
[36],12
[41632],122281
[650293],555594
[7112194],6734607
[1688445],2388929
[77],216
[8034],27931
[401572],271772
[61298],111888
[1950278],1985670
[2967324],3182031
[25],1
[511],9
[205663],422368
[634098],542199
[12429350],12670688
[8],13
[955274],1506232
[7561],10423
[149952],208438
[132461],184692
[57],143
[105766],92962
[3438071],4411556
[10514921],8862210
[1084],134
[768826],829552
[171501],133042
[171],96
[323807],236526
[12147147],11952549
[26978288],29054459
[293892],340690
[1188453],923627
[307737],260933
[1512257],1601485
[18999407],21334377
[2711012],2716578
[949352],964327
[117],480
[641650],673287
[23804],18944
[138],115
[17830627],17895478
[3170077],2573351
[225905],242392
[909572],834635
[4525243],4213440
[613466],656031
[476756],425568
[276],292
[220],132
[11652165],10352430
[59],2796
[2],1
[51],81
[249909],245664
[1202121],1072779
[436082],433035
[563528],391392
[5913140],4800657
[4797199],4008495
[21385],49435
[2771756],2680860
[778],279
[2631383],2319573
[1473884],1299763
[2192489],2339935
[114308],156255
[9],2
[14322536],16464942
[987357],923233
[728333],594081
[15],51
[8360784],4574556
[861065],761277
[5729556],5915090
[49645196],45587737
[10403572],10878594
[990741],967618
[470966],296936
[3503014],3444704
[6005],7491
[1476515],1498400
[4904],12314
[363632],297845
[422338],456138
[72322],84006
[232],2642
[86],13
[201],90
[204495],192924
[3186348],3304968
[19424744],20142265
[3450315],3675368
[33],25
[2801],2898
[14],4
[6052493],5352803
[9871047],8520915
[1011482],339001
[2822028],2550029
[10790],4084
[1247115],1227117
[957079],1140343
[27143],36030
[61176],77481
[1580106],1456783
[4247],10853
[4697],2899
[1357241],1160899
[1829141],1458646
[3264590],3170677
[353],1132
[189],17
[423536],340395
[22217],106471
[71572144],59579044
[11304],155963
[2359328],2418768
[2605],3187
[489823],532440
[853379],761583
[8840],23242
[625],1325
[4832475],4931518
[106706514],115517611
[74],605
[3494611],3263146
[8313135],7527985
[36],5
[627943],369034
[11610],20287
[87],98
[2412599],3660576
[21906232],17867643
[315],320
[1439187],1521034
[330677],366295
[2310528],2003466
[26538423],24518851
[44],234
[689281],778693
[1077927],1073035
[7316],81787
[403738],444022
[25694201],22445083
[23155],66343
[3668629],3359213
[21],255
[16676722],16882175
[742654],804870
[197004],155441
[4918416],4371002
[301178],372972
[335538],439394
[27026],58053
[24959642],20826748
[263],8
[696329],626819
[53],1
[7486],906
[70],8
[269233],283587
[139688],123482
[3947],3023
[28383255],39777797
[965198],916636
[2166],2638
[273],394
[2500604],2208353
[34948],42832
[267148],281680
[2113008],3493257
[740000],670880
[240],415
[1137199],1055677
[145737],129488
[26476209],31639911
[12086423],14222263
[3128019],3239581
[45],2317
[4827530],4124456
[26909156],33143860
[84394761],80033153
[493960],443216
[5026629],4010840
[12380618],12670688
[136126],157938
[1140509],1149705
[43],63
[179816],198988
[291230],212581
[103],32
[478],569
[1426601],1458768
[5651217],5213690
[40894],31596
[610457],544781
[476],6419
[34795987],25273270
[77],89
[116187844],123115091
[94182431],91517608
[1389699],1419319
[10121674],9303390
[861029],828150
[43361616],40898313
[1263437],1117278
[630650],468652
[3526320],3671810
[44868],50895
[4040603],3912984
[47],86
[531465],609507
[6148],8633
[3367462],3334069
[1],1
[875560],836373
[167673],192360
[19597],45459
[3876271],3275278
[67741],88164
[22181798],22583968
[527452],481721
[662],187
[91358],77236
[600728],467218
[300800],329612
[3301132],3158185
[55],40
[12822541],13927603
[10147],4047
[44229260],40379503
[5],3
[3566533],3727531
[1448],6
[7887481],7435244
[139292660],149446180
[57967],69284
[78896],59798
[463],402
[2151754],2181881
[346],87
[8243968],7179208
[3481932],4482794
[5197852],4602162
[2609],3103
[43139568],46896467
[3005],6903
[174591],268638
[8854462],8384062
[407463],446318
[2022872],1848109
[379141],240239
[16],2
[7436010],6393233
[40],30
[6764532],6691426
[250],40
[25119],19336
[47],595
[7373502],5586426
[12090405],12670688
[6822421],7025688
[62],7
[363],1345
[24402720],23196348
[8543891],8545506
[38],38
[6709191],5308962
[140254050],134393762
[14217986],16876853
[30008],29482
[88007],166786
[794748],863103
[88],2548
[5588482],7180209
[70498],9377
[10556447],8314177
[8234427],8059730
[5714392],5156773
[21183],23577
[207298],552418
[6069],28274
[51],363
[10677643],14850038
[3092338],3270867
[92630],93650
[7308998],6383804
[43],1
[3992589],4042699
[29989],32274
[8573045],9716746
[54332],52912
[437434],492940
[850009],609744
[3436914],3819517
[13810546],14420089
[46807],64958
[11924],540
[40],1266
[57],44
[110732],124695
[2474091],2044854
[1942216],2638849
[55],1056
[5670028],4616943
[1000],166
[227462],181521
[11164496],10643834
[264451],251911
[13413523],13746153
[16],2
[2951395],3726917
[3245772],3272745
[360],187
[1006372],1378859
[1176897],1197515
[75941325],79644466
[6171],5479
[48920259],46329281
[19],2
[1590],62186
[11337001],10519795
[49],7
[219],2506
[5728296],5070118
[62],375
[8988],5133
[2731918],2396567
[24656982],20981887
[77],141
[4359],9531
[50236],79176
[29023],19046
[344510],322949
[13228439],11265853
[173],384
[10819690],10246670
[10056370],10011427
[804536],808000
[12665444],12670688
[26631511],27429387
[4711606],5367917
[3272872],3402996
[50568],36756
[1757],22152
[486742],402292
[10],4
[4756],4169
[45],115
[43888653],50644483
[15098],30771
[528612],476184
[28497312],33664126
[204],62
[1102],5651
[6820],7116
[4266279],4049306
[1166138],1193785
[849123],721572
[5637279],4948090
[151415],166878
[12477828],12670688
[679387],709905
[131423887],138166212
[7660933],6715099
[14496619],20981310
[63523],98520
[76510],82399
[51884424],63529435
[101],18
[1906056],1981036
[23347965],20771733
[13928],16123
[79],191
[7085],4716
[164394967],176044442
[12623004],12670688
[788002],741143
[8489],16776
[28607],22803
[460450],344179
[1290328],1274246
[55],36
[871],6600
[1702],390
[89],1682
[2458979],1852043
[1007479],1041462
[1193],18
[38120],32289
[3139312],3184187
[240602],192085
[20297076],20767328
[39],144
[18],157
[4229697],4261487
[253],1437
[1033609],853608
[19760],129503
[1056],29870
[7852009],8162330
[146650757],167151752
[313387],377014
[514154],555659
[142258],153226
[1277638],1361162
[15],21
[3041073],2796598
[45235008],36961456
[283984149],395263595
[192636567],219676642
[904107],706849
[1055975],852327
[11577551],9910492
[569809],510268
[42416],35514
[35],888
[3275],4777
[191],18
[312410],297338
[648258],552987
[1637311],1550870
[42],561
[91617],85688
[1194806],1695505
[17287258],16806250
[8832287],7450821
[459873],183913
[2496501],2986350
[5221],5529
[6656],3528
[50730291],43164476
[38],85
[71966462],76368893
[854257],829617
[5],3
[4994103],4162962
[1918509],1553473
[622772],630381
[4319992],4447994
[45],7
[22852015],25441217
[61],335
[314064],334563
[1052003],807143
[28624792],31345176
[604442],650095
[452437],483010
[303848],325777
[78],132
[278],3556
[804620],805907
[2135219],1644292
[26158],41308
[14881],18769
[234],212
[785165],733922
[1300668],1505791
[2018255],1794865
[419952],377435
[171370],170883
[388],701
[21228111],21901236
[7695112],10739246
[400414],347628
[2084486],2164274
[7643],10287
[7627505],7895619
[518],170
[670096],651952
[78981],68744
[44405],103034
[44],1743
[1123383],1378845
[12806],10844
[249619],208074
[1021014],994340
[4261],6174
[17083],13749
[187479],268358
[14149],19181
[1873032],1958166
[5414585],4495383
[661],907
[3701450],3158642
[1220537],1303432
[2395674],2487826
[692071],887547
[89899495],93002803
[1060692],919729
[2010048],2026329
[4376260],3968204
[854767],905357
[3644032],3798161
[1745005],2552971
[128403],221676
[274539],239676
[15473],68918
[43000],47793
[21769],42210
[474283],647995
[6195837],9806177
[289404],307201
[90505],94506
[160207123],145296313
[40782308],34441731
[9],5
[6279963],5526243
[19722],18478
[18758],60929
[78590],72210
[43383],59157
[2532677],2606582
[534886],631886
[1695097],914503
[538738],736758
[1435462],1748301
[1207766],1220160
[30368],42284
[1423],204
[39300],33450
[944585],908692
[4498608],4977560
[232730],238930
[935291],842033
[3552],8986
[66278],62712
[15933138],15144871
[2820395],3142388
[5765028],4526792
[12616297],12670688
[8950806],8633795
[65558],56697
[3996],9780
[108822],93958
[30],10
[974885],1087653
[387],300
[527],361
[2159574],2423907
[129765],122018
[3660],7652
[2],1
[623603],745531
[103238],68910
[44],41
[31],15
[5293751],5275192
[217879],178657
[9740],15919
[14717],13472
[2784234],2582792
[4714559],4914158
[51867278],46736963
[35437],87944
[301],413
[44],150
[4427608],4189400
[1808474],1525015
[1275676],1274246
[31942],13951
[979383],1019997
[3251702],1793656
[1748],2361
[179284],113106
[53649221],44853506
[32798],30067
[47],108
[28968957],35431607
[3135951],2930362
[86],74
[817311],520584
[1790411],1649812
[110],718
[69435],106159
[3224],1302
[1293092],1098747
[194816911],235571720
[343653],390589
[5422020],5660012
[121],2
[18167849],22039208
[3927969],3858632
[2497534],2592293
[2891201],3167448
[31608184],27172099
[22915247],20500552
[50],18
[31],7
[3557694],3279323
[288868],442855
[688126],742566
[1370],15511
[3456252],4117203
[4885],5919
[261],17
[1323473],1263686
[2252110],2186458
[566778],609749
[63550],101096
[909],939
[24],15
[17013873],16911067
[675188],723318
[5510754],5680273
[4339219],3434613
[10],4
[8531],8651
[2849484],3379892
[21],4
[5034],3058
[203626569],204832488
[658828],676155
[57184],77744
[36],43
[43147],69165
[2887387],2304759
[452566],493795
[4783001],4827450
[8764155],8001443
[2578641],2339360
[112272],132801
[114473123],113196558
[1374933],1274246
[1007389],1085696
[372],23
[2106318],2130031
[38],89
[75689],70131
[3849257],3937234
[3891070],3445963
[5976],3026
[562844],810422
[875],799
[76790909],93925258
[9224947],11395781
[75013],55020
[15094690],14320684
[3436967],3821525
[157],91
[3028326],3198884
[23015],21511
[170640159],141992727
[3067857],2294388
[19260654],19521327
[1998087],2106306
[21814508],36024322
[223492],305116
[29102],39237
[1866150],1967792
[42702228],41885384
[174],99
[2656080],2544662
[5343],12612
[3130840],2841425
[7686836],7521848
[110261],163578
[709929],689964
[8],3
[2497362],2478341
[60000],57583
[50],467
[576396],569220
[339003],431436
[68545633],62775861
[30461544],30530824
[7445],8345
[1559],11661
[147935],195961
[11311217],9639324
[155454],141856
[100],2766
[2398254],2101276
[6210647],7299978
[96838997],155226314
[1697023],1411230
[5373993],5996434
[40138],27462
[410158],366454
[19826125],18886765
[6384],7686
[37],16
[1291307],1292885
[229105],185594
[1060184],1086937
[204953],238004
[34160],58914
[6732461],7029930
[2361894],2891180
[30733],8501
[17648248],18100361
[9678650],9713013
[26],109
[15170077],15415789
[4109],2912
[1893808],1568877
[24],1
[7601765],7444655
[11259745],12377195
[34],65
[2370790],2350055
[374658],372780
[4692],3139
[7558478],8579141
[4172564],4109355
[76],23
[8070],2550
[19],151
[56],1602
[5734204],5905071
[1353047],1208402
[7868850],8189474
[121653],192317
[1300733],992990
[604987],792875
[503810],500278
[554],43
[46614239],55062877
[2569001],2391817
[564428],610248
[615689],480296
[2206041],2353413
[51044],43026
[3583],3415
[62089],59020
[14201074],16935160
[21374],19752
[1290249],1274246
[188918],182326
[20838024],21465639
[730511],869551
[17366],16045
[10],3
[10097442],9745109
[248],46
[8359680],7450433
[210981],225937
[1800746],1366388
[320962],259120
[690993],719854
[18691],34299
[741],1152
[3202593],2861593
[38],15
[7344619],7508267
[718],21120
[34550],106330
[450839],490511
[77],54
[2468975],2272954
[1273593],1274246
[145210],86536
[1289686],1060799
[95],262
[3344646],4706589
[47288],34890
[2591150],3624263
[9564925],9297425
[3504785],2550704
[64],1035
[13883052],22069968
[2920756],2955329
[1051476],1010816
[715824],998259
[558],1449
[11672479],12073610
[1271165],1257642
[20100030],19897165
[1426336],2061385
[41836227],48113797
[81800],29669
[2784400],2540888
[19171161],21537017
[256356],253317
[677333],590310
[29079144],28607950
[12272],11059
[5250356],6337107
[1717],2077
[3387509],3817896
[43317],43084
[10968],9640
[49631],55929
[1210926],1231412
[6978821],6470556
[67382],74401
[4378425],5557176
[179662296],171670240
[1567],926
[2722152],3405656
[13201586],14061790
[904850],1009925
[522947],719681
[3322501],3520403
[711182],487741
[1704813],1816415
[709977],627161
[49437620],57369295
[414315],440531
[3915356],2188849
[1370171],1177602
[434245],481054
[622754],714775
[44],319
[6718],11168
[25857056],28388630
[274156],237089
[334723],299040
[1228027],1087677
[1865693],1924468
[94570008],95822163
[31131968],37460636
[17226],20944
[10119929],9348982
[231855],220101
[377],307
[1471],933
[10157190],9255825
[12705217],10309363
[222797],233335
[22],118
[1100741],1286004
[7732274],5787495
[1514528],1250614
[60],1
[23169377],24598707
[92],126
[31],2
[868996],774118
[130],301
[86],81
[415904],433669
[9741188],9123452
[4430167],4509020
[289645],243432
[2770481],3029927
[700914],742689
[866378],827091
[16341529],13947885
[84393557],77105179
[10],11
[1354122],1179391
[272267],264782
[16],3
[1267478],1274246
[44],183
[179766],267031
[27452229],27741299
[57442],54952
[3228],3351
[107113532],125771922
[383],623
[5674803],6279017
[392160],331197
[44],180
[30],1776
[11],1
[10164],9742
[82],124
[7250315],7357451
[126886],164911
[1182],21300
[1626049],1659268
[8563],10178
[270901],242913
[14],6
[163318],174603
[4],6
[16322868],15369877
[39525270],35943689
[52666],49062
[2889771],2269807
[2140822],2420446
[1903683],1808399
[1311156],1835008
[2651681],2429483
[718817],611930
[50],2
[384483],324600
[337675],313416
[1443990],1342773
[10059276],9396653
[104735],37381
[16984],53067
[1915405],2145822
[3261696],3495114
[282772],318775
[3578652],2157905
[1196],24600
[8954],8164
[2638416],2196840
[43],154
[368224],461797
[3122549],2677141
[571667],601607
[1659643],1287033
[2586280],2636554
[39],42
[9658],16060
[14581652],12679125
[6376685],6180931
[514],29
[3410289],3478012
[265774],135535
[77],20
[141478],108652
[18824],6793
[616],1433
[17286168],16819208
[3415],10106
[594705],145747
[8820292],8212042
[183],645
[1240567],1129120
[88],144
[2900793],3085879
[157164100],162858642
[18481452],23612720
[206],1655
[15866594],15313530
[16761185],15388371
[6597691],5900815
[872320],731955
[5357196],4798120
[42],1
[72212715],63667267
[39],39
[7489158],7320605
[1316705],1011354
[283310],280306
[188312],143567
[36821982],48851757
[1693],3761
[801],1465
[42],54
[201834434],161050504
[89],6
[14383887],11954185
[511825],680363
[373148],565980
[232009],268050
[53794598],57791271
[14932],16385
[2166],3844
[4439775],4544210
[30973025],31720191
[16741328],18417760
[19],56
[1322405],1190546
[184],37
[1177160],1194168
[1677019],1647983
[1169753],1117600
[86050],33229
[532535],705019
[1163942],919315
[19155],10434
[306597],289461
[15223796],16236638
[210],145
[1150],401
[3571209],3312722
[3],1
[26302],36929
[790651],723936
[120],68
[13231962],11245281
[81],399
[193],174
[25898532],25974548
[45],305
[156],292
[38907],43123
[1410217],1977695
[14198],10598
[21503],32372
[12740251],12673062
[23078537],22538621
[1251411],1123900
[8456169],7755803
[7473192],7112129
[63],17
[25184],10304
[840735],801923
[13221913],14429465
[107673],73774
[91860],176075
[340296],347710
[18474004],15126246
[2843],481
[19117488],23909157
[35369],38647
[457382],413666
[77],34
[3410021],3567050
[3559061],3215505
[842045],974018
[95495],54660
[68],116
[884843],738091
[13862928],14524145
[3195647],2903811
[26],18
[59353],59971
[9229511],9280336
[1106975],923828
[21175],17526
[2181],2022
[883536],794571
[10265426],9976778
[257821],187995
[21885379],17449229
[17248741],17200279
[2785281],3101431
[77],133
[31061645],41826111
[32064],40004
[1429307],1345374
[2575834],2526978
[7089517],11513909
[10020194],9451286
[270625],266453
[62279],102338
[264764],266374
[349],178
[734928],700468
[650844],572824
[32],9
[124788237],134455885
[91],224
[9237185],9901870
[3074],1425
[9577],17752
[2091979],2171877
[331959],604100
[23561076],21542832
[65],48
[4265417],2813791
[14105],1703
[16400],20918
[77],147
[3966976],5126154
[12429823],12670688
[17447],102445
[348968],269247
[39],1
[852680],683373
[603312],514397
[10621],22925
[15043198],12494618
[20415696],20373717
[1822351],1870752
[909193],887235
[714150],659015
[2855663],3049296
[321],73
[841],895
[17],3
[86556],138019
[57287],34596
[773],15
[90948],100520
[3639875],3515245
[1263111],1244469
[50303],42138
[1765465],1905665
[1430310],1440214
[392060],496765
[1939],410
[842560],773084
[28934224],28557654
[9680376],9734625
[1204296],1224837
[51423],36660
[9753206],8349426
[1263019],1274246
[3749933],3304867
[374],290
[617673],601626
[15923],16006
[27341476],27583753
[880051],903904
[5],7
[3657719],3679514
[232045],154778
[1122773],1132106
[95876],131759
[63],138
[67],1699
[88748787],100094515
[443],1894
[396],449
[47257],39838
[20147932],21238025
[49],26
[43],45
[161670],162031
[85165],129120
[368188],348321
[25925274],27825240
[4500491],4300983
[1543608],1163985
[631859],751467
[38],48
[4148523],8101208
[31139668],35182975
[162],723
[77],602
[21753719],20938567
[37948893],61133040
[1641205],1429100
[60815],63771
[215],262
[28877722],28421208
[90077],91330
[9535187],8370000
[182282],202236
[10195569],11906789
[158327],127199
[181022],205803
[2291],225
[1433804],1476939
[1218786],1281573
[1130755],1002349
[11124678],15071506
[4931415],4709454
[320264],343036
[3248039],3336038
[372880],370833
[627831],571138
[169875],164111
[1447],4659
[112677],88856
[177409],138672
[2597983],2381180
[2953098],3002793
[12723372],12670688
[232],699
[3842160],4434889
[272174],320659
[1684],6464
[20235992],21318452
[12696941],12670688
[61570],56579
[762774],681850
[731750],662213
[3755287],3746419
[200559],175871
[108],5761
[4409866],4086471
[2670586],2595968
[1089421],1190424
[29557430],31785949
[77439324],95475019
[3041041],3011766
[4181409],3744598
[497685],559185
[3186],65108
[1020326],927775
[1274133],1274246
[48],14
[26996],22146
[202963551],202541827
[86],30
[41288],13007
[29848575],32712991
[41],200
[126143038],133973517
[1619470],1461684
[1584077],1362404
[4228113],5453192
[28619279],30632871
[39991],48093
[26],22
[30602],71951
[162417],138617
[971817],1052228
[130],331
[444235],400437
[90],323
[15229046],13455840
[8526740],8147427
[3396967],3538848
[9525702],8425394
[554034],503332
[923],1092
[32],465
[20144027],14806659
[2386364],2574060
[719682],754670
[64918],71025
[322024555],433559077
[13232293],15471846
[11],482
[1995],26698
[3371821],3649323
[3951],6963
[22807580],22254183
[383241],349314
[3738345],4902610
[299734],280503
[364411],344709
[10469350],10502715
[3258],2651
[630569],611169
[2894957],2660732
[1283311],1073704
[2425],2511
[37163],36174
[1628460],1857471
[26],24
[2767350],2846661
[1373042],1513041
[1633828],1656965
[3947004],3502095
[2157626],1774819
[8925173],12216494
[9439351],10204622
[238636],234863
[398],427
[1947937],1636369
[440839],392704
[3009023],3203732
[1538957],1134591
[1847033],1487773
[25531],29744
[41833],45945
[86947],90067
[2702],6690
[909055],953509
[494065],596677
[760801],904776
[168],168
[95956584],108264382
[6696058],5070101
[2032],97
[336536],382939
[4282537],4297003
[166432],144750
[2165398],2465838
[47],78
[1050680],1260916
[46750],40530
[375],108
[41],12
[532],1190
[8539],19109
[19947],29568
[535061],412497
[225],400
[21791],16991
[23],30
[163488],192321
[329],533
[2079261],2205835
[44],12
[38],17
[38591],62338
[9279345],9021188
[287219],154035
[72805],68379
[1975290],1776818
[3032584],2869002
[633224],722711
[24],966
[61],231
[13],9
[3315595],3082846
[387],10071
[1455889],1415687
[22180111],21866280
[51697],189629
[607861],506277
[4395],4492
[5430549],4702262
[1607274],1152708
[1403593],1539843
[40563],28067
[463487],367622
[13067],19725
[389220],485199
[17616759],16773187
[8401],11461
[9509091],7748435
[460537],422830
[13],22
[899865],552862
[1861],2586
[110111],143028
[12],1
[752304],899395
[2512336],2090311
[1425207],1201791
[22],7
[14604711],15278341
[85602],129891
[1315],109
[3009692],2818668
[42500531],56467254
[17],63
[30],2
[525660],484323
[224],385
[19227386],27981306
[11],35
[108899],114331
[126358],111888
[1203202],1081567
[86732],189656
[26578400],26101850
[94179],86826
[354],726
[2186610],2010943
[19],5
[1484],731
[5646],13376
[87166],66698
[228929],224912
[63],9
[2619048],2578140
[226417],200341
[9436501],8155629
[215],1524
[25495089],25771298
[67227],83341
[16282511],14946666
[7154049],6003621
[114911],99214
[9408],9481
[1928666],1761339
[1941377],2892583
[4245],4763
[25575636],22253129
[5997184],5605381
[2242299],5116993
[958121],1028500
[25991],9406
[5567],1980
[3994892],3430125
[1256286],941151
[1508493],1577979
[245147],223427
[253253],199076
[38],13
[2398482],1553487
[44],347
[6412984],7230604
[125230],64101
[310],487
[4720297],3346065
[34],779
[24158289],23352154
[7171933],7421510
[3939971],4141386
[3648168],4210919
[424364],383861
[182292],170339
[3748057],3784432
[2802141],2362469
[1792877],1878221
[206988],232749
[13220655],10926366
[2480597],2414214
[2402729],2420350
[14621235],14360723
[1460662],1273184
[2728322],3021251
[16269720],11171678
[3366301],3287802
[194],637
[494554],483966
[38989020],48830895
[45],1
[58],656
[105],609
[1007863],738068
[2728847],2462042
[9871],11709
[79438],52545
[14533586],17613592
[1178],1350
[24247727],23870265
[2738321],2826499
[9624],9437
[126],54
[379255],417944
[7883899],6535964
[683018],682527
[3740702],3465448
[152],108
[44917],37055
[10225142],10215855
[60266],57833
[2553],4165
[39],8
[309391],278025
[92],24445
[14],53
[137717],141456
[24194163],21642239
[28664606],33258175
[535644],455074
[743],1748
[174],181
[1071567],849974
[73406561],65653150
[20007613],17288368
[749687],568458
[1346544],1376446
[1253038],1005989
[24616],51399
[11],11
[282641],269233
[140],3
[22],1
[235946],239324
[484913],496758
[2127],5258
[796042],652956
[38810768],33892929
[25778994],24534243
[79534],83514
[1932],2401
[3914602],3851735
[546722],550652
[158839],171082
[645379],740451
[58],723
[111919],163497
[3121388],2440735
[7470],5946
[708907],746741
[98],68
[131310],142233
[475738],369093
[533],1609
[947555],962277
[1307807],1234891
[111],43
[951037],1082953
[209788],122728
[4330530],4161543
[109543],83967
[23942],41418
[1690941],1494318
[264],3469
[312679],311847
[4769514],4586697
[5840430],5469762
[51251131],44884068
[2606485],2325689
[3775200],3995193
[78635],95862
[77],4
[10946],4654
[851634],849012
[137],506
[355823],373402
[44],260
[30763606],35463041
[173292],172494
[7087],10884
[4595590],3560342
[1110991],3481364
[2229],2172
[23],2
[10908],12483
[122433],59506
[1077],5257
[1543245],1314176
[59],40
[1218],4142
[1592223],1407181
[3692738],3488504
[7814206],6378299
[236513],283940
[25],30
[2623464],2679766
[1859795],1938219
[267117],278245
[4349731],4330775
[4312274],4388540
[26758],39686
[3541593],3445209
[4905334],4542806
[31240426],29287048
[1606028],1455833
[59],2
[568],1302
[354675],353001
[488298],378133
[29393277],32996314
[61],230
[1214],3
[77],415
[11364546],10480442
[125645],137108
[5],4
[20],7
[753232],836428
[7752868],10138180
[721317],352616
[7903552],7612619
[14652],13527
[35],65
[317093],302548
[99],25
[331962],371120
[86508],67995
[1052401],1105906
[14151],14139
[25148323],23985495
[4441137],4223107
[214164],149008
[4599378],4348577
[32],2193
[638180],604056
[55338],19707
[908489],788173
[18663829],19327272
[4079991],4239444
[208529],145165
[1518072],1216062
[2658],2323
[386087],213541
[1643558],1580506
[3189119],2736148
[219596],238834
[18134],34560
[26841381],25231996
[77],239
[251126],278418
[133111773],153504199
[21],1
[273245],244582
[3675449],3444999
[20175],136572
[20584437],24305210
[76],5
[116366602],123954107
[12294672],13842209
[31443],40609
[141],154
[65],90
[25],122
[1779360],1643614
[34],108
[21761],52790
[205070],179982
[746528],742525
[117015],347835
[34],25
[22],35
[15372],19403
[135004],153241
[2613],6148
[2906870],2992268
[985],4054
[701],6942
[468363],247424
[2783470],2912197
[2030552],2556644
[1834052],1781571
[532219],555536
[10],1
[34255],74514
[13],6
[2900552],2769140
[104923304],114611775
[3676974],4125516
[2628972],2784794
[4289610],4367171
[616839],692621
[120166],93894
[224523],256294
[3219540],2954175
[2540262],3757185
[313355148],383595361
[1402378],1494952
[566142],568847
[9682],1859
[85],97
[2859],5214
[6404],10541
[1232731],1038752
[1178078],1211129
[4214035],4201607
[1548372],1501045
[1106992],881499
[1261862],1798209
[352731],418635
[2421494],2541846
[796942],683161
[341865],457568
[2338947],2395835
[1202647],1178225
[515918],499412
[197419629],203949681
[897012],850068
[521966],470351
[3639875],3515846
[11343],12219
[7323821],6436446
[9013698],10091442
[255],1776
[965473],1145745
[20788062],20984623
[5851454],7042373
[322400],351194
[1327293],962490
[3641897],3071180
[13279844],15513403
[28555039],27745898
[767279],571879
[1698582],1900694
[131060],128681
[690221],447476
[526182],536763
[5],2
[70498],9377
[192],95
[207944],209862
[5],1
[37],1
[1987453],1890789
[1150700],1188901
[841513],800670
[4670738],4447472
[139968017],143529754
[373549],374721
[145686914],149522368
[222797],234152
[61470786],61691330
[109359],71798
[66],127
[57455],55815
[117616825],121293385
[2017163],2126803
[1051],3138
[453998],657363
[41963],39468
[783620],550826
[9691086],6679288
[2318],2826
[2293274],2662516
[75716919],75244346
[3078460],2560345
[13932892],13915736
[76610],72287
[2301403],2167301
[1174367],1177446
[707665],604722
[26],5
[73091465],69745102
[473582],467830
[19],33
[77],23
[21987],15815
[41574657],45524551
[4656],104836
[2168340],1834102
[30836],27116
[1385587],1274246
[2120689],1628608
[25420],140095
[1381],1888
[7571],6839
[2553285],3231295
[1332511],2419813
[7177],4181
[1422580],1450495
[10183720],6335879
[1149345],1104013
[12695598],12670688
[1390],18
[97085825],109590869
[43],26
[73788],105676
[6457430],7317287
[4111107],4014391
[539120],579149
[31914],36470
[5752950],5504164
[4367101],4366492
[19391238],16112483
[3415],8526
[252026],233508
[7],22
[9026],5132
[45],2
[166816],218062
[365],32
[1051],446
[26650358],22576827
[152724],172624
[147411733],151867477
[45],1
[406118],440874
[76],286
[16817138],13466386
[1876496],1971578
[578152],692754
[8],12
[6],1
[2294480],2067797
[1224194],1287819
[195182],167020
[444],239
[252098],263562
[378061],306800
[2200653],1970378
[265751],224291
[19868601],20248157
[1319948],1212659
[136],387
[12675523],12670688
[1511214],1485416
[1908367],2058387
[297],142
[82672],85281
[1454946],1485986
[485452],389926
[229],527
[6],1
[1933550],2003444
[460],237
[8748102],8467123
[1731173],1553182
[206607947],229146989
[139245],101180
[202045484],233517476
[12564980],12733912
[47],1646
[117108337],129283666
[85852],110908
[21340],21130
[369644],408014
[13],102
[76],42
[1077385],1066791
[7],2
[60],39
[527381],511578
[2847489],3242072
[439],3515
[1460],1264
[1581922],1666152
[13],1258
[3233066],3011344
[21121790],20710936
[24351],21934
[16],32
[104207],96763
[139881],152914
[3689744],3215612
[4485608],4332228
[13463038],14273399
[904796],831762
[45930175],51843484
[40],40
[133757],186774
[74321574],72912618
[4511485],3835855
[16],160
[3141],15283
[4473],8724
[166177],245441
[36595],44013
[1157946],1003207
[287],4704
[8737],6950
[87933],74449
[51],442
[1387882],2557023
[9667700],10722529
[1047956],646059
[10219],14571
[134],532
[7302],4764
[110465],117746
[24219],30961
[1926871],1789077
[5369],9632
[16],91
[28753],48290
[3334445],2767702
[228325],154417
[7863],7381
[7363],4055
[7156],12779
[75],1
[3028318],3197881
[488],158
[27],70
[795],2405
[21562032],20427076
[7722],25623
[6140657],9242279
[2461939],2603873
[382074],373311
[29],31
[42],21
[2486713],2200993
[734903],906135
[30219056],27650821
[1343689],1049530
[25475181],25538685
[27387808],35511516
[17],1
[18379511],21047537
[237090608],232265531
[25475908],24625218
[73],46
[16],9
[2167245],2481104
[7516],8275
[106896737],123368884
[166710141],157517013
[128323],122142
[1737],1951
[1742981],1409587
[6795018],7112042
[123367],88338
[808342],743247
[317383],279058
[1635],5772
[1557634],1456823
[27],52
[672],620
[186110],194595
[1635086],1395793
[1588955],1663552
[19675],25542
[211595],142791
[24],345
[26006686],20500437
[205050272],230873794
[815075],755808
[12890],25314
[190986],158278
[12875],12765
[668212],538680
[20333211],20215288
[109],128
[148],49
[3460611],3928493
[72945],104527
[979587],861025
[74940],26977
[341239],280073
[1456683],2759896
[135],703
[2541627],2397667
[185559198],211166869
[814334],450441
[10217935],13270072
[6844],6547
[41],2
[56],1
[132],234
[865787],884200
[2735676],1664669
[72461],72723
[826],1599
[272196],196443
[8550781],6925120
[9711895],10401715
[33],166
[28358],33197
[13333],4020
[349840],320012
[2483100],2512886
[3326514],3631497
[2251725],1699205
[1551],381
[3416466],2582194
[18462169],18548425
[23522085],24130698
[2561],1538
[10581605],9702539
[340],1137
[21],4
[3131316],2454716
[2293544],1967169
[31154],21717
[285486],274998
[714229],723527
[5086939],4137557
[102],77
[26828],65345
[75903],85983
[1135378],1263720
[775217],694333
[10533265],10698299
[769494],736096
[686548],804826
[17446978],19733345
[11305221],13074696
[997017],824180
[5029],594
[4907924],3697132
[20126886],19149123
[106530],141342
[164306],182269
[50],60
[399412],460962
[5527350],5223320
[4067920],3151997
[11340830],7260994
[1147],439
[17962938],15548467
[14583],40983
[3846],2522
[1035207],1015885
[4279483],3787503
[35],81
[49],27
[140],5717
[1933481],490985
[20038],23523
[165622],157519
[3746818],3496915
[24],4
[55],2
[1322836],1061545
[400721],263241
[136757],144952
[1680],588
[450014],538711
[67],19
[7770],7297
[633435],398969
[34],374
[4],2
[634773],597105
[1768725],1766199
[354],1217
[34],128
[3664753],3492339
[321881],353292
[20150687],18863723
[142151],103476
[30115075],23144982
[6992675],8160859
[896112],706355
[42220],57041
[1878],1001
[2311129],2389670
[76],286
[238372],252311
[437],630
[490345],458470
[132],377
[3324730],3311986
[6232861],5058835
[1431962],1360296
[3854867],3976904
[5653495],4594715
[188805],201569
[11845915],9812218
[211],102
[1908324],1684825
[3911015],4840221
[17],22
[3491127],3821596
[98121198],99160075
[1872424],2434382
[37046778],37223562
[4697588],3697680
[29272],87312
[221432],179184
[297],122
[4485736],3943517
[9002],34802
[221044],197442
[2729632],2148578
[2193636],2215414
[1336751],1378453
[266],40
[1891137],1533350
[929748],910736
[55],4
[221773],260997
[160851],197320
[566415],544546
[5632],950
[17356602],36182116
[7041348],7363591
[4965],5920
[4800948],4949581
[66],34
[17623023],17115457
[678513],620638
[109949],94564
[327690],158753
[885628],617361
[107607149],123153366
[298784397],357772155
[44],166
[2630567],2162755
[29922],38323
[266261],149499
[3322517],3521098
[12942],17738
[1896138],1621510
[1041657],958548
[382325],614748
[909157],950758
[305786],178116
[7717037],7334259
[4258733],3911792
[18803150],23507376
[19885],21976
[642277],751073
[259303],305711
[1],2
[241770],249533
[2545453],2751156
[404939],455476
[4078],146279
[976136],969637
[574],18
[2636],1607
[25568765],21204537
[404932],455661
[2718],2323
[232],215
[646],769
[240718165],313203338
[81223],81066
[9686],13
[70],593
[2154404],1809081
[16],6
[32786796],30096183
[114891],103260
[49327],36127
[10972],15385
[50],1
[15931907],13778220
[1257546],1162572
[155759031],178415744
[90],151
[5467432],4919693
[5093675],5241773
[420449],420596
[259],516
[9856211],9851889
[124901049],125500391
[76],59
[836446],905739
[1040502],1022433
[5153863],4491600
[11956],13379
[59371],40057
[50],106
[196373],154544
[20156],45132
[2905502],2927125
[14083455],15905672
[195862],221851
[19448015],27379487
[76],2
[3508041],3771325
[1418997],1483790
[1683596],1284670
[851152],826317
[10264998],9068632
[1124899],1127998
[49368],47004
[686],2040
[8195971],7312976
[855824],829266
[1193617],973853
[265360],203343
[418],956
[191137],244917
[446211],405080
[190225782],209341947
[1790291],1865836
[146],295
[2255396],2408807
[102669],111503
[1485536],1557328
[17266038],17815848
[16409],29657
[2084984],2184930
[274461],273980
[33671],27967
[1079728],906025
[1212028],903963
[1193982],1028401
[2358498],2088777
[2583229],3627829
[1969722],1870044
[6785226],4742249
[13574281],15625263
[3939324],3681903
[70],2
[26861],12029
[2294038],2752156
[309],54
[38],29
[167949],110339
[727700],638480
[4451785],5159047
[1366667],1264522
[9295257],8378335
[141],122
[44],30
[15135486],12036168
[2692],1238
[19474],18929
[702847],563196
[34791],46002
[101447],100615
[8276407],8062293
[4975374],5413745
[81114],178152
[407880],389305
[501428],495168
[1129552],1293474
[185616],182442
[69],156
[34749227],37026907
[18147],39205
[12207],17049
[11445],6882
[33480479],29690915
[14],91
[3117071],2438717
[19792],2709
[51819013],47470011
[87],67
[1429657],1079115
[274990],265273
[269348],293889
[60934195],60888929
[1311101],1311242
[1666611],1252232
[1554],1523
[15559132],21429633
[396185],346755
[241275],204181
[117],66
[233],23
[20765113],26635063
[5676639],5526620
[14768],22916
[340878],284727
[340254],353160
[12176],65794
[27163],37495
[227473257],234143931
[367080],336821
[68],434
[50],90
[7248453],7474409
[771662],1228119
[28213],25523
[2561431],2897147
[105807001],118627983
[9],31
[20],98
[662],1286
[127983],134317
[332647],253978
[842],790
[33155959],32891494
[218],28
[2423435],2269296
[35],237
[106036],164365
[2619256],2572352
[3328919],2865113
[1127360],919726
[47],1391
[80],445
[5651150],6495893
[1171378],1175391
[301507],244178
[38],5
[6295962],6850439
[12482205],12670688
[453171],482248
[156052],246671
[2273407],2442078
[144143],122443
[20966959],19807678
[34],203
[200],869
[448],505
[2945005],2569238
[30758046],33570660
[231778],212412
[34],124
[2336990],2443262
[1136],2048
[8],2
[3956326],4299407
[45],561
[25776910],24566721
[19],2
[297],193
[10],24
[27445571],27018075
[3610187],3874797
[350049],344739
[114505793],109997954
[184314],317184
[99890],87358
[196047],294705
[5797149],5829329
[4850596],4529650
[40354],42286
[14098014],10441350
[40],30
[1942204],1787680
[735989],809210
[63148],64087
[1373443],1568023
[20027462],18830821
[1464711],1704693
[1762430],1822785
[28],864
[772324],894683
[899355],1032585
[139681],199199
[7],273
[76267],60001
[23],280
[34],105
[2749319],2449385
[5446547],6209077
[29],23
[2891338],3314396
[13474],11819
[86],2820
[5674358],6236088
[439491],505404
[1001],1344
[128063],129499
[25689894],24285982
[10408],19714
[5948723],4883399
[3702423],2850016
[3244056],3134276
[69],192
[43],6
[11031],7440
[861423],914896
[988674],875700
[259829],174909
[13425585],15107791
[11265],11047
[31752713],30804615
[23630230],22402270
[1106870],1065306
[1624436],1686837
[21],2
[545479],455634
[3322600],3522279
[42441],38150
[7300808],6560138
[1595296],1751188
[5671916],5489474
[3921],2432
[6148474],6079841
[1635364],1751725
[1296903],1525294
[866177],776551
[8747966],6836148
[16181383],13102206
[25],79
[2312086],2291661
[2877818],2566863
[2855755],3041128
[74],33
[3211],685
[4849],3119
[352],752
[840951],766407
[41109],44162
[39],100
[118234],108200
[53138179],57495630
[2443523],2029258
[3067],23572
[10749039],9104765
[246291],272587
[27295808],25953612
[202901],202695
[3492],7555
[280727],213876
[12451063],12670688
[134075450],127469895
[424],29
[452208],324908
[2649778],2717801
[289882],302488
[67],121
[22467],19496
[1413],33387
[101699],131332
[54],17
[2176823],2580744
[9585132],9229174
[66],63
[489168],500629
[5482],6973
[1262236],1061613
[16676662],13464654
[1133894],1138915
[112888],101278
[12256141],12188906
[2038790],2122367
[1782],1892
[83084],96239
[3907],3060
[2802564],2806973
[6855],9002
[532313],507089
[4418579],4658281
[2682064],2303172
[133168],110008
[825144],737291
[2464285],2121146
[55523],75234
[50],1
[4928485],4725976
[374],227
[394177],594929
[33517],51375
[118339],221904
[572356],656004
[4625950],4084527
[81727],23272
[9345190],7800129
[18487],30040
[730],4032
[409386],539873
[53],98
[110],201
[88746782],95157593
[813710],802984
[1428],5061
[77],192
[15167859],14692654
[1410653],1939077
[395196],454522
[1981936],1723656
[11481170],12512414
[111013583],107194444
[3077622],2915351
[287],909
[937584],824694
[483103],278664
[2407482],2205355
[14],1062
[405],462
[19],245
[1192260],1246614
[1621977],1241967
[1107308],1159207
[65883637],61597149
[14],7
[17970],12018
[5122499],4914589
[1459],2184
[1806961],1844163
[8634],8803
[3658610],3894749
[864804],660467
[12912009],19249113
[799625],786759
[28763168],30526532
[3157546],2058908
[248198],251219
[12869416],9445862
[64362519],80092062
[174701039],183490804
[10189],27917
[356113],313707
[159355272],150617951
[2494341],2501999
[1290268],1274246
[348],3843
[5177387],5359286
[34519611],32385043
[31673605],30844764
[52],1878
[807],20641
[1922839],1735350
[125991],130498
[10499530],11354879
[1736],772
[201],308
[3156],13261
[1707822],1675097
[8431983],7103427
[2907],13582
[44339],36983
[1354181],1370630
[160851],197684
[120],294
[167636],156876
[74],7
[579],1207
[35394764],30295684
[6271345],5157653
[237715],218616
[4230703],3972373
[409037],383770
[6229609],6962778
[22281],49466
[674387],675053
[395],1986
[958],157
[900936],711975
[214792],214117
[707514],911328
[2201],2905
[14632243],16171946
[28682641],28494929
[13603476],24192514
[161],193
[6472],9845
[184377],284402
[6279538],7427233
[533123],562741
[13663469],13272857
[36],39
[872585],851242
[362376],692200
[103215],90768
[117],90
[2020],1070
[143821],184193
[188145],234414
[386],118255
[46],39
[89407],167982
[182480],150085
[444047],466926
[85476],26207
[30013843],29447348
[48],148
[62990],65087
[27],1286
[861547],706404
[81],132
[1198828],1437039
[4594235],4456708
[16079],27620
[80446],64674
[3395105],5482738
[10341022],9358374
[36716],38667
[32654677],31278533
[4761077],3474564
[1522682],1234719
[4],4
[32902701],32172330
[419299],452271
[65626265],76521120
[3365117],3352974
[716024],537661
[816118],696244
[8769857],10934723
[46090],42638
[6873210],6989856
[36980],30117
[591362],263625
[127],457
[9166323],6886387
[19],65
[73],2
[641668],672939
[1675190],1429985
[1108],582
[519368],327572
[1475371],1510777
[3322885],2961356
[129039],91293
[8304],47507
[5981],4565
[8203995],7847419
[565],260
[230],923
[1335480],1083160
[21505704],25738007
[832449],764239
[215],8
[99546],84190
[90388],126500
[2943773],2833992
[150256819],124888658
[276263],337372
[725221],870812
[421818],368988
[1255296],1245303
[3364160],3832177
[5522370],5971544
[49539],36089
[5121330],4774075
[2063396],1901317
[2562382],2651872
[2497570],2590363
[498433],487301
[306825],304780
[15824355],15622776
[1093960],975999
[55],1849
[1235],714
[668575],634440
[230],353
[62],178
[28319545],28309561
[2574426],2490953
[114675],57605
[219310],163162
[7699587],8078409
[66],69
[367213],238072
[16276337],14989341
[713998],760286
[28375123],27595063
[355222],382937
[141012512],140394913
[2811693],2965944
[445468],410873
[126],514
[867999],868655
[25422743],29251877
[101411536],85531548
[710601],631654
[67],1
[46],465
[411471],405134
[2282974],1832689
[150],191
[79151],75270
[36737495],32334029
[557851],255850
[4619371],5273639
[102],24
[5],12
[1427636],1462951
[633458],627390
[13898560],19331237
[15690306],14953880
[15926],9685
[15540514],12901308
[7692395],14606001
[283756],427851
[30203],22515
[863972],469589
[1417171],1530348
[15933],18087
[140424582],148704378
[1064576],1008131
[392366],426377
[389103],185406
[25003],25360
[338530],299430
[517286],624865
[149243],193456
[14383955],11778970
[3123307],3240229
[289801],289583
[20754376],18590534
[1607939],1457490
[611708],579993
[75453],67755
[1816065],1879357
[2377],250
[139262],100359
[20837950],21476462
[699359],589798
[103332],130700
[26],116
[354487],366430
[38],20
[9712264],7993626
[76],76
[82847],106230
[3685264],3785490
[3754510],4830689
[919],3852
[32445111],33004718
[27165040],34983350
[325291],274387
[94],260
[146028],137665
[180671887],169323515
[87245],68317
[282],6
[9236900],13421216
[200017],169167
[215],317
[4829758],4225570
[7293095],5776641
[4853129],5902323
[3858164],3993953
[333687],299349
[201025],29932
[896112],706355
[200477866],197655154
[103045830],101685095
[127],230
[86],246
[3059],12327
[8],2
[23053],13148
[2796526],3114715
[1210864],890676
[170060],180923
[749218],835488
[316164],230743
[67475],71138
[355986],371661
[79890],108624
[174],208
[4804254],4342301
[12681824],12670688
[4340071],4455061
[7919],35459
[149754],148494
[208],38
[6407389],7146129
[9388],6584
[58503276],62990352
[2033434],1952144
[184547],206587
[193468],218974
[3992917],4131893
[2821129],2740995
[339397],376026
[24],8
[11],3
[5154783],3523328
[2978780],2209262
[153],203
[35],23
[1024077],1140327
[13],11
[25398090],26798924
[412250],513284
[54911],67142
[1452324],1631604
[45],37
[2105422],1797897
[3791033],3195488
[53],70
[24529],36774
[159678],204771
[338154],356359
[114],580
[200],506
[1265391],1139862
[300075],312349
[11999252],11655750
[8721162],7286993
[76113],59769
[88396733],77598020
[679659],637796
[419],49
[511085],513282
[796773],754308
[527446],440180
[1365902],1349045
[2931],2240
[76],148
[88],325
[45400],61668
[779426],581509
[510197],512202
[5206],5502
[8253],3888
[4053677],3770262
[4210439],4220379
[7747873],7337358
[219611],183352
[768469],795884
[5652850],4982266
[1636],873
[24521],36140
[727885],736983
[208216070],203578815
[7278],6809
[90],11889
[54040],28996
[471110],426142
[341699],340871
[2632],4491
[12549348],13215406
[2519],1814
[3343727],2907802
[3743839],3477390
[19907736],24058339
[21255589],21399133
[18171],16431
[13807],88632
[3804],2276
[143],270
[73407],129298
[2050329],2260728
[374189],428945
[31434548],33191299
[36],1039
[50],13
[29],174
[37984],23184
[1813910],1133559
[35424361],35753085
[20326],20233
[352293],314429
[1154518],977143
[3204],3069
[11324432],11552234
[5897],5832
[2791092],2876300
[1415300],1717654
[670],155
[93653023],96662936
[14908674],14132871
[91069],78892
[2449],3565
[268083],252922
[355],613
[3322501],3520875
[739488],492330
[24],16
[5324828],6444458
[13503],19988
[54013468],57926058
[33256],43734
[1465881],1285877
[7008889],5684839
[9288640],7480894
[35],5
[93737],91923
[352],1325
[2154153],2056564
[2208616],2214440
[2826461],2146275
[757],1425
[41],3
[1176031],1070004
[42690],54358
[5627682],4155104
[18],68
[658700],773674
[19397395],23931879
[12686755],12817356
[768171],715973
[1077905],1095537
[95552],107065
[2657053],2624056
[1488],6907
[24327],33938
[54],276
[3775496],4006970
[72217351],89371025
[52],304
[87696],75703
[3374913],3546103
[13345],14841
[54],22
[1531],1133
[11944],12513
[683498],959206
[31748],22645
[30790062],33357042
[3322067],3556278
[22],28
[10682],41218
[21394229],18421274
[7272149],8400386
[4475864],4350874
[23411651],39147744
[3424962],3556772
[981784],1068192
[1501430],1524289
[184],61
[168541],200375
[40],7
[38],6
[27],70
[305],56
[6651796],5677299
[984942],968365
[25387523],33504202
[31123382],26428454
[223112],210693
[19803131],18582774
[483673],613412
[6163061],4665625
[938644],991065
[26478],23920
[389245],404973
[251480],165885
[260198],265720
[3499384],2921592
[30898],12599
[287],166
[59],27
[119967],139011
[99619],72027
[308934],466814
[1293466],1102723
[4132435],4194715
[284741],227154
[4],13
[1433139],1133097
[17651248],23900796
[37],922
[3547763],1880278
[16738860],17540885
[37825959],37163804
[11630462],11002255
[397],41
[216],803
[27273748],25917809
[71218],53439
[22738],29857
[48785],37761
[1010],2319
[40983597],47493236
[97],349
[4413695],4141648
[5226793],4697311
[778687],645461
[296105],286745
[149827],141096
[62537],32592
[5911417],7209513
[4499822],4102777
[54],187
[18367801],18814984
[38],905
[65009],62558
[268492],235890
[87],112
[10365],10499
[1042350],1080314
[39],40
[45892510],44225118
[579060],567061
[32215319],33132092
[1155652],1148612
[17],279
[8],6
[529008],440237
[936215],856632
[895697],964948
[8127461],8057780
[68],1
[15685],13954
[32255],23857
[467179],367780
[20],9
[4213905],4208825
[3379057],2517499
[59],132
[8270348],5347617
[669286],646364
[21802243],17472801
[1440600],1466736
[16186],9391
[1372],10592
[245871],170354
[1845014],1684318
[3973],4536
[1432880],1403923
[192],95
[1125977],890676
[34],12
[655550],480383
[3861969],5441062
[246598],221322
[132869],453746
[2197829],2246327
[26],27
[11370],8627
[1181],1155
[4036161],5454222
[1323014],1355150
[2601500],3009431
[130],229
[5259359],5213346
[162098],191283
[2007299],2128882
[238595895],298904262
[121114],86217
[953612],848756
[6279530],3306547
[113891934],109827984
[190584],314761
[205566],243161
[123],22
[2669225],2795378
[2607511],2626961
[65048],123220
[1594223],1496538
[2721909],2559703
[7579302],7252396
[12412632],12670688
[36347811],32614206
[14725056],22901284
[46],125
[1067],29173
[6061286],6631699
[505803],440596
[2654773],2476862
[2252145],1841514
[294],1350
[107],373
[9471369],10411010
[107837],134361
[1559157],1577142
[5651607],9201261
[2459830],2553391
[33],28
[276663],161634
[15124063],12633648
[96844409],102610978
[477842],496586
[1475958],1315627
[29834],53935
[15329],6412
[144046144],142632403
[18479189],18542875
[6014737],4710859
[8],1
[54],14
[156437],141014
[27078714],35576913
[15964],32326
[445],20
[172449],187477
[2],1
[5896991],4974879
[4176232],4008037
[633199],765105
[61558919],55514383
[27221233],27607955
[55],6
[3657],3275
[11295184],17164157
[13489171],13555184
[16374],54763
[5744310],6333531
[37],46
[194302],159913
[5680],13662
[54],1073
[118],65
[1049051],1275210
[11548666],13141590
[2012],1548
[102],193
[183],1799
[523],4747
[3668114],3227923
[135517],106939
[54813554],57873844
[39176],41269
[1873],632
[43],3
[15168724],15858059
[1725180],1800972
[2201480],1747236
[560],1017
[591239],626775
[3292692],3093512
[548],10771
[796524],725315
[18438915],23684263
[122047],33203
[9430680],10678683
[49883],52166
[115988534],125546073
[35],1
[41277],30020
[1573499],1422065
[320562],319220
[2326754],3134565
[128830],185222
[2257732],2439190
[495],6178
[31753],34034
[129608],86920
[30],80
[2058184],1481671
[3632962],4596147
[4362550],5274900
[69],1
[12842224],11677412
[67392851],76829516
[503710],451359
[245642],481190
[669505],729828
[493211],540416
[4098],2217
[1782276],1478437
[475028],416730
[90118455],93378056
[12378160],11972882
[297690],283161
[33],16
[3349071],2818289
[1566620],1659899
[1152511],1136394
[17351712],18841902
[64651],34740
[130422501],142804015
[4315023],2637449
[383002],424419
[182],700
[17781425],18921201
[26],165
[757713],838903
[44],160
[216],492
[1532628],1276334
[15112936],17555966
[11650],9306
[806079],378985
[210974],133677
[931183],1032553
[319147],271896
[135],7
[39752340],46358618
[1183934],1173231
[3581],1487
[26],5
[865751],853271
[1776674],1861076
[3214048],2974409
[115],33
[28661573],26445592
[47],105
[55172],51936
[457003],448902
[166806],169457
[2075],2572
[106],25
[32871302],34507765
[3424991],3084520
[1539425],1412908
[2337004],2443120
[206],169
[12],5
[746727],666601
[533287],529044
[31786520],32894838
[151],73
[358909],281551
[10],2
[1884],9946
[5],6
[191512],206884
[11575858],15390968
[353252],355007
[21],30
[680852],826337
[164366],139004
[56],54
[7],5
[23],9
[888769],856871
[972743],1049002
[396937],504867
[547027],447190
[380922],334161
[42],246
[78996],84567
[30582],207836
[4778391],4582748
[45],14
[3615054],3902663
[463868],480316
[205432907],209733506
[94],1125
[40],108
[70],85
[1300720],1158588
[11913],17397
[622628],667562
[7161],4933
[309319],377510
[2754207],2433637
[407486],397756
[678941],593926
[704185],776877
[942074],899606
[173],610
[149084457],152000095
[1624223],1996151
[3704845],3557259
[100476],128718
[127941],76340
[749264],662748
[86140997],84731145
[2196974],2133735
[1252718],1240286
[512744],534227
[81938969],94920580
[11125591],10016244
[36848742],35426350
[887788],677541
[25],330
[22216],9749
[199746],224904
[102974],115593
[4939337],4459752
[1106],3868
[1488170],1647418
[28211800],30412601
[6],1
[1404],221
[75],260
[18549917],19524378
[12786734],11500144
[3752132],3793414
[5],19
[42536677],50863139
[877190],919259
[1704823],1813580
[4263],13255
[595183],768663
[16756542],18220542
[12345487],12467749
[260],5688
[27163942],29080426
[7],19
[885],8393
[28495],22876
[1195813],1193170
[118125977],110494657
[314271],947534
[123],1446
[59656],79754
[8896],9733
[39],31
[877942],877154
[15341833],12463027
[27050],39587
[12465209],12670688
[16060],21345
[19326812],20868520
[323],635
[851954],756656
[132],37
[872253],977911
[239642],353326
[828975],487854
[6832447],7073920
[21071849],22910089
[686781],714093
[4486451],4840920
[361685],343816
[3065],1873
[41],2
[645594],737879
[3343179],3205151
[22855],24500
[29],6
[52232],36060
[743],350
[18496],3144
[2772329],2287668
[24],4
[446],610
[31005],10534
[6419521],4660042
[12351551],12332811
[203854],289861
[23802068],30132403
[15931528],11855025
[47],102
[18408],13658
[20],1
[69],10
[4390613],4204012
[1352759],1220136
[261440],229269
[251913],223678
[3997624],4168498
[469120],447516
[35],14
[2098],68225
[5992516],5955482
[16797175],14543460
[719],1381
[4376988],3455739
[7723803],7439807
[22829],22923
[580262],597627
[67913],56981
[457319],432321
[2189482],2317023
[144336],97576
[1845225],1848829
[477284],425568
[9530],11162
[2775281],2897862
[19],32
[44],9
[21],1
[4648638],3391838
[723828],701474
[81537],137115
[5],6
[4107565],3993612
[17],5
[3216021],3305397
[9539553],9369020
[596781],301491
[2426722],2350927
[102],5362
[3081181],3274373
[1080],8342
[12752042],12378355
[129418],167360
[1831422],1724615
[342],538
[427551],347213
[44],2
[1567],26023
[10305],7092
[55],31
[444677],225632
[30],41
[921],1287
[918750],950694
[334216],345572
[41399],62892
[39],3
[1225],8685
[20486870],20122661
[1332],39114
[216],48
[518],657
[13935642],19273089
[132756],104236
[2019],5697
[3886],6626
[76],2
[595044],592024
[59],143
[15],9
[5278567],4737678
[2562391],2650231
[3322537],3403022
[1273459],1274246
[558135],487278
[1373331],1527068
[49145117],45200582
[294246],298798
[911],1051
[553],221
[1880],11523
[12],10
[560726],640693
[6461],6323
[46],7
[82069],88290
[2763371],3102069
[27437],82939
[584980],488102
[20296932],19177847
[21960318],21110285
[2521],153
[1109166],1166037
[53461504],67765592
[3],6
[257115],260794
[29271144],29863915
[2856801],2990111
[33],30
[162946175],158114582
[57554204],63900629
[1320560],1361887
[22],8
[240],695
[682113],519008
[456708],446436
[1013671],1160088
[102],514
[220],2342
[29438],30086
[3324378],1876865
[323136],299235
[13],1
[6598837],6485719
[68845],99705
[6015273],6190465
[338366],275248
[348561],305766
[243],430
[63205],70640
[108612],120910
[5326114],5912738
[4213930],4208328
[35787],39425
[4806157],4637194
[6974474],8718956
[12],3
[4444877],4483330
[11971962],12359600
[35],20
[295720],245057
[742517],804424
[100258],69391
[430026],461861
[10367688],9192653
[1709216],1490229
[205587],120417
[416],2304
[96],3
[667958],718296
[2023604],1734348
[3270620],2353753
[120019],89748
[3626902],3713124
[22014616],25739143
[1163305],1107102
[7398495],5993773
[58],2020
[3562181],3379185
[526667],463868
[27221],43819
[9752383],7595932
[63],379
[179267],198280
[78391],32394
[1696448],1239196
[272630],250221
[3152],10
[47],515
[1399900],1501964
[1614821],1874100
[3460282],3253451
[659164],454035
[1519441],1582119
[74102748],79930589
[9658291],9051323
[12522370],12079771
[403735],443000
[8208],8526
[67491481],72644813
[20242],29989
[42],543
[708],76
[598826],546477
[137653],151385
[35],24
[46822],47114
[10910817],9114086
[52054],54142
[11536],3951
[134641],130357
[60],7
[119317],115135
[690672],742300
[9079019],9417380
[353188],212142
[2101288],2503305
[1195302],833498
[1168681],1138831
[32],54
[29361667],27920406
[33],34
[94],730
[50534999],53178431
[88812227],95236636
[49326],47990
[23067],33195
[1380424],1274246
[12030],19663
[1259674],1354335
[1506],1113
[439694],362336
[15351175],14473925
[1256756],1347819
[591751],543012
[256104],84942
[2114455],2471348
[5],1
[8927],4790
[28],48
[6067256],6594815
[522411],441804
[22076],126393
[39006],38508
[78],172
[11069934],10390579
[226],107
[23],180
[457129],399972
[963634],879841
[113],29
[2340998],1006019
[3712389],3918638
[923945],941554
[2668320],2267649
[255714],362662
[191],319
[388],480
[31167],52527
[344140],502550
[112],69
[4416252],4166207
[47],63
[45908991],47602591
[1298450],1362566
[4179],2309
[97671791],96114712
[1095605],1084665
[12],17
[16],14
[7898714],7159945
[114],61
[7067727],8104449
[9957534],9778260
[85855],57348
[14],9
[1377052],1109914
[956214],766296
[669218],705399
[387632],423209
[31497700],29332677
[745032],499827
[46],36
[17987],58388
[36490923],36472625
[11790622],12084978
[1876063],1930075
[104898856],132311278
[7056694],6147820
[309984],526409
[499075],459978
[42],9
[2700653],2216272
[48],219
[58061],160714
[2203543],2423093
[8216598],8546221
[498149],573936
[3618920],3671786
[685046],708754
[410063],426884
[75516],56835
[38531],42064
[5442],4142
[69331930],77925803
[7901],8244
[227],141
[23365378],22374461
[1048516],1068085
[1318121],1170959
[21276778],19221295
[66],199
[57096589],64170926
[10753474],10152905
[14367103],13625959
[7684963],6137571
[126034798],124272958
[2456857],2596371
[3122653],2604582
[1165969],1198535
[74],101
[2323553],2414405
[9380],8
[351371],368451
[404668],400062
[2804434],2725549
[31956],34165
[89],25
[1984801],2771974
[2985205],2851872
[7411631],7924627
[44089860],39863872
[38135699],40040288
[19045320],17501949
[1040],406
[158],57
[4001238],3372159
[24178],11841
[581837],561269
[47],7
[1481063],1677740
[274],423
[14654459],14880356
[201],145
[329],207
[256716],328236
[4049987],4430555
[192],47
[384207],394174
[2397256],2761205
[409668],484971
[1169621],1106364
[36],114
[4426855],3750033
[17872],13059
[94],3
[136311],119727
[9856],6909
[163895],167814
[1676049],1063450
[20687069],20886545
[11],22
[28073239],32180646
[5],1
[82522],84988
[3399221],3843492
[6023604],5688802
[8630],6127
[2457544],2841491
[70],788
[1684481],1811909
[40097300],49984281
[65931517],60339702
[1275403],1274246
[637737],825421
[2011770],2602411
[1147750],1297979
[1613850],1447244
[185307414],188735246
[26],59
[4260961],3379866
[34146],33962
[406676],341501
[407494],277438
[107683],85543
[49],591
[324202],353562
[90520],85012
[286513],315001
[7308],3593
[75404],76882
[15283],4461
[537706],565439
[7489693],6172904
[889705],1207478
[12012956],9168317
[94],225
[1134742],1027110
[629214],525070
[259180],273949
[21618686],21368329
[151323207],159473292
[212561],142054
[4165426],4008037
[44],12
[53430],208334
[1180790],1324212
[21459],12645
[804856],824468
[2303259],2312463
[305925],287440
[14535003],14709511
[21],3
[54888292],65692339
[88823210],89898894
[3315387],2933652
[1046549],974641
[42802],37544
[6109],2296
[5339365],8118366
[1896941],1995417
[50589],120891
[29480707],29283976
[27],1
[4006132],3463106
[28748091],39453245
[33052481],44634620
[57935],97028
[58307],76303
[44296096],44570858
[10188],18716
[18148],40684
[721433],558041
[480759],367435
[31889],51315
[2171098],1893495
[6302868],6304499
[6987289],6003576
[1572235],1400364
[29],113
[20030677],13900534
[126337],198114
[706443],600339
[348176],326794
[32593971],32681953
[30344],28598
[3239199],3187691
[120022],101142
[67261728],83183915
[1],1
[28],172
[126895329],147122845
[63897630],68398875
[31466],24543
[492632],345193
[883079],701432
[7033968],7695340
[33082912],32615564
[31234892],28418725
[78291],73141
[3501132],3089586
[1400830],1243355
[2161288],2109092
[10223537],10196535
[402298],441439
[64138156],59165385
[626707],625581
[151125],107827
[10780960],9922924
[2259],1564
[11431],8495
[37188],62721
[898035],864903
[806450],719676
[1319807],1341924
[6459380],4792092
[2663306],2438779
[271021],269384
[40],8
[216163],245576
[2433862],2301172
[19823],34676
[25],28
[5227987],6347403
[902],5526
[3289777],3411496
[2578043],2355883
[77],358
[4326047],4117801
[33],12
[188184],119284
[266],130
[29340],39057
[373],198
[1360517],1009641
[3607797],3107616
[1401057],1409242
[1752],15495
[77],88
[33298181],31963525
[324],169
[83005823],87174852
[629311],573814
[250],63
[729984],713253
[70],92
[4148020],3973318
[12585],4648
[1951],638
[439762],516374
[3004190],2812822
[116450],161867
[2387354],2316228
[1566246],1552279
[593610],497524
[56956],35122
[121],707
[4701192],6019224
[1274695],1356575
[1210204],1131076
[126],6
[2202351],2515032
[234],1500
[288426568],331809997
[153564],128793
[33],500
[1072787],1136443
[56686541],59270902
[1781202],1894483
[159],687
[466],754
[329937],297781
[50],155
[160],143
[53],559
[34216818],34561489
[341673],458532
[1842267],1712565
[4346278],3611227
[27],17
[917867],836519
[1027663],623586
[51164],36192
[75],38
[18843],12524
[166],391
[770067],838321
[1570],1192
[3116355],2695108
[13587],5565
[394699],360878
[479],440
[3448777],3339335
[510],24
[4132985],5107743
[1882773],1918641
[7562829],10039501
[752],867
[1836701],1724367
[1063871],783630
[1097509],1183287
[6371259],7077066
[23295862],23394732
[5099],5512
[553],87
[420370],536096
[25],1
[65],905
[1367940],1350382
[3692720],3904581
[6770510],5665372
[2216350],2200368
[10885161],10653088
[64309],65286
[1064437],1123999
[288],513
[271662],602320
[5490643],5209011
[978],75
[1036001],944967
[2714460],2858028
[1922519],1621697
[5691609],4235213
[423994],296348
[92500],89977
[38],14
[2329614],2069517
[12001],18060
[1392444],1269404
[16253131],14633839
[1716359],1750129
[727],1704
[3528497],4684433
[15118993],13547589
[2245789],2485255
[131],127
[154531],133248
[1224849],1350178
[320],2742
[135],12
[425077],420058
[4939555],5131636
[5821],7920
[8503],5957
[1051],1473
[48741],40027
[45509],56880
[1172305],1064313
[1891502],1330601
[112],1847
[5329712],6498655
[229093],314123
[46921],42690
[2278069],1758272
[40],33
[1344069],1214775
[55],22
[1143024],1160018
[10117],3321
[3709111],4354840
[1734235],1499753
[7611216],7056637
[14092],109697
[887288],998537
[257629],316568
[152942],130068
[5742774],6732405
[23],43
[10953216],11269436
[75397],138010
[1868783],1947444
[674762],625426
[712824],671278
[5818465],6238510
[4322633],4408120
[1279662],1390901
[130],107
[2384971],2127470
[6263],5866
[70],9
[200143],266407
[20841642],18280108
[13344390],12597432
[273064],246006
[2043111],1781253
[8365407],7659424
[2627],1862
[4317353],4716594
[184207],116375
[352303],392897
[12148822],11914691
[4195937],4359715
[2641],315
[581777],628215
[5616512],4636597
[72778],72754
[19954],16071
[119094],130461
[574303],501677
[14622],18454
[2641109],2739335
[72812],73209
[110],255
[21121037],21572598
[671866],484138
[51410],37231
[46121434],42402654
[222672],164294
[38444957],42901949
[25166988],30027626
[5361663],9446842
[188548],220667
[1081852],1025670
[403],648
[4354657],4444895
[14],1
[21420],36156
[8],1
[3747179],3491355
[5671519],5635566
[11],112
[8484478],8424544
[30589444],35200074
[14677],11504
[69283],94252
[1144742],995431
[24376],48584
[201390],146677
[759602],792297
[332391],359141
[1693011],1471397
[15122768],13161664
[1065782],1493231
[814445],715217
[2310],3340
[12656292],11438565
[276],403
[1439],1509
[63],106
[895523],763832
[893072],930468
[1243225],1318085
[388247],414768
[1144106],1015658
[3268956],2291438
[4298637],4323131
[50623],31155
[309319],244102
[4627],4896
[1366072],1163974
[147176],141039
[36],211
[631600],535461
[29807719],29965580
[1522121],1538000
[783267],704352
[77],367
[3450155],3593328
[3259],9984
[198853],199105
[90510],125664
[19521454],24130698
[24068436],19390648
[11624973],11623318
[176],1
[19],109
[80664],119727
[50271853],58654767
[599],1614
[343430],346834
[1313759],1920505
[247],233
[1508760],1556524
[1760384],1993327
[579140],667951
[693413],658940
[5289],1509
[9027362],9917346
[15156141],17079334
[240627],226782
[1283735],815464
[38710808],45166678
[76211],11579
[696152],711586
[43610414],52389960
[169109],193982
[339326],372643
[479139],438439
[19752714],21499892
[14104570],13864192
[12533706],17905810
[7698489],5394228
[2880],2676
[860],2587
[1885],642
[13583338],10659825
[14584253],17324491
[343],1
[5],1
[181],55
[39],370
[563074],356274
[200659],162551
[145506013],134080846
[1008849],954151
[1488],2245
[1176150],1343588
[232],28
[12421033],12041232
[2044834],1896804
[18285609],24556705
[3073629],2861254
[44],231
[2183132],2227670
[3342447],3650730
[13309134],13580540
[53347],57139
[774893],732028
[80089],239081
[50319574],51661887
[23327571],22847198
[46291],51701
[666],7605
[2733510],2553609
[7716459],7498043
[26941265],28166197
[2794981],2512383
[33596],46747
[4],1
[5],3
[6318],6038
[3236543],3326189
[12335],7599
[1768736],1762321
[27999669],24852346
[176],277
[45],316
[7197749],6421310
[4256065],3561543
[1047193],1113656
[4811],3688
[3569970],3324598
[3324540],3324404
[4017393],4676700
[3365249],3361221
[2000],1548
[354523],391591
[100550],63273
[381],649
[17],12
[130],435
[1574729],1523018
[11406552],8313579
[59353],61665
[1729],10680
[22921078],16533757
[290561],322388
[13602069],13242600
[18],18
[707316],605090
[2056521],1655286
[883738],1029487
[28298743],29400656
[8],7
[2787182],3111787
[18449419],15965735
[22],9
[4140141],3829546
[1516907],1639918
[461421],486036
[377],238
[729],3171
[634494],527068
[27],21
[11671716],10384916
[48],220
[51955],49610
[4142766],4269783
[173],179
[1087782],734695
[490285],400165
[10073004],8248870
[43516],29247
[2889541],2651872
[9181],3382
[5651667],4732767
[6],1
[37],118
[2512788],2546676
[2302832],2264746
[37209],2608
[575],17460
[291684],309187
[51450],47800
[5],11
[39],1
[3953504],3774304
[13],3
[434238],481172
[8130351],6402167
[1588945],1662011
[1599285],1380742
[2217876],2369736
[64],216
[20803],22264
[805699],636738
[3516937],4019820
[2689610],2425085
[4517180],3907557
[8806564],7912656
[876089],807477
[1734713],1584686
[2406586],2400263
[1232576],1264091
[135632316],130473932
[851],293
[327238],163032
[19517694],24130698
[16062117],13292008
[23680885],19960933
[53510],44674
[337613],360763
[62456],82589
[3817916],3759304
[8034],14899
[2087462],1893725
[645448],646438
[2996246],3295126
[22941],31307
[840927],907273
[28988837],23406476
[4296992],4326365
[1524722],1561013
[1376604],1223851
[896098],916046
[17657294],18658174
[16],2
[4332430],4474949
[1523801],1553926
[155637],163530
[3728810],3338728
[141259],125182
[2386906],2083778
[187516470],185990843
[2257],144
[16],23
[39],8
[1155556],821109
[1705],1093
[25572],22239
[11421684],9090766
[2725886],2268028
[7951],35286
[7075210],6573800
[488046],362939
[2485504],2370616
[535342],440628
[40712],108854
[23432],20045
[10761814],10226660
[1071366],1050870
[42802467],51668834
[146471446],170616734
[3827],7057
[11441093],9288953
[12873288],11577086
[2208],3140
[63225],91252
[23076781],22560989
[30],3
[24985504],23842427
[4640846],3788302
[182],4519
[34],58
[891],1973
[93614392],95271374
[44],6
[3346],161079
[121],5882
[5542070],4443602
[1564625],1421851
[493170],482847
[2474194],3120776
[485167],470090
[2986185],2886164
[918],2203
[208840],300269
[16391774],15290884
[153],131
[2136],8286
[27],17
[431037],321741
[121],865
[244555],294365
[53477],47515
[738919],596702
[506487],503555
[3132780],2861343
[2684176],2395887
[44353],100018
[28],723
[85341758],88961079
[7859],6834
[7561],6603
[58737],73440
[56],6
[15995567],15118747
[4982774],4488624
[1299045],983305
[1059],1503
[67014109],72639411
[967345],934835
[2102],1579
[386180],463527
[85],63
[14602437],15247603
[340210],351495
[16613076],15328873
[15718426],14002907
[135231],161204
[387],292
[29411491],26443187
[48312],41748
[76],183
[161367],176011
[378951],552843
[146],643
[15],2
[191566],233763
[36611],23710
[56527],77774
[148989],227780
[2378848],2547957
[12746478],12191414
[1076637],913140
[86444],84488
[4154253],4014657
[236],145
[581830],344733
[2028617],1996554
[22919],31926
[4166466],4279819
[65708],62283
[7770346],6515584
[12343506],10641958
[309851],240993
[762792],735772
[66480410],77758873
[201877],188190
[26],17
[426064],280023
[3030753],2037748
[2361953],2474856
[927533],1131619
[22945],47602
[56295],53244
[252438],221388
[12635],13046
[11545179],10854432
[65004],69108
[1468505],1178622
[17],550
[89193],74010
[38356],225617
[790543],858224
[20],152
[108],1799
[3293],2748
[257786],290762
[765328],594597
[6644508],6846608
[789200],666995
[31782741],32801632
[30],6
[23994205],24034840
[1014],13
[39029603],43629486
[961280],951227
[603],96
[15],6
[65041],97144
[1164516],1124006
[468132],340614
[562370],609189
[160158],74197
[12707166],12670688
[3609],1765
[4123713],4190211
[23748274],19456842
[181073],433920
[89243],122028
[28272948],29243147
[2332446],2456303
[1759840],1786315
[2733221],2232866
[15499],14381
[109],323
[546594],554044
[474523],528099
[618210],678127
[980237],914917
[343],139
[27902],43973
[22303980],22469434
[19603117],19053871
[55814],59876
[1194909],1201016
[4651049],3679220
[418515],470098
[1182890],958069
[1474443],1300642
[1039039],991845
[11323],18897
[423014],410089
[1716776],1788242
[7506007],6824561
[2162311],2187137
[10],3
[4130],13034
[39],13
[1090231],923420
[1770],3217
[113328],103141
[386939],360853
[561731],381558
[1624397],1695377
[7],2
[290],63
[17469],12631
[31],21
[9905],15265
[5970],13630
[44],44
[19625038],18936854
[286],338
[113932],129917
[14384],11137
[50252491],54898064
[17049797],14667080
[8186],7295
[331],200
[27],15
[1521395],1574946
[83111],95177
[25],149
[38853],27888
[520122],514511
[4941434],4496897
[23086],32183
[128735],122886
[10073746],9978586
[42],31
[1814436],1784078
[3315982],2445087
[1840750],1804166
[891105],738549
[10870572],11145089
[36229],20199
[3250886],3031615
[32011],1352
[8],7
[3409782],3453099
[12],1
[72],584
[99698792],94634840
[910470],846821
[14912],9049
[400610],255951
[156671],186983
[2395726],2480924
[699494],682787
[1107682],995464
[34474],35056
[139028],197552
[3005],4741
[28899],20515
[6490],3449
[1472143],1270714
[18028004],20748721
[29745833],33319824
[16056027],16408203
[11],2
[220],51
[211792],185585
[142],116
[5603],11303
[258444],283484
[23929418],24529794
[271],229
[13941277],11557568
[4310941],4436225
[1208297],873763
[21194467],20839943
[751317],790981
[2983931],3201351
[6414524],7271271
[68],73
[9195577],7774061
[5217486],5975943
[2296472],2285920
[9],46
[2517809],1940808
[307670],398825
[397579],456844
[6246],9232
[30860138],30215955
[1086735],960853
[2656],3592
[3128629],3233674
[2646532],2561482
[1779301],1893172
[8378098],7450666
[2554],21202
[339299],444772
[10683],11120
[1026784],1085803
[998],4012
[18874850],16658691
[6204418],5581242
[89],5
[16],11
[222],78
[273386],222560
[58],305
[4313428],4457056
[28750005],26571197
[208297],151216
[436],3041
[1832],1999
[2244284],2237660
[22],6
[388277],414040
[11975122],12031325
[467],364
[4028466],3911486
[1723896],1598610
[892748],873558
[1939612],1885835
[67],160
[49817],49303
[968227],966070
[24314156],22118347
[445882],476728
[87304],66888
[17073065],16221658
[3365313],3374414
[77],167
[9483686],12968815
[1612129],2027527
[4217263],4430342
[4325034],4406514
[1222244],1128638
[186887],184137
[5435245],7564405
[74246],37802
[344],328
[28],189
[3381633],3234527
[60713],82163
[134608946],126577621
[274],397
[286326],336510
[26440190],23794735
[31],3
[68],3
[209371],245256
[1272974],1274246
[254932],263346
[3],2
[2635146],2071677
[5158590],5059932
[373204],259579
[547734],423108
[48],9
[438],91
[2798],3082
[1577],2274
[24],57
[155030],123709
[2700974],2023764
[75059273],75212132
[43067],79634
[29512],51300
[4223164],4427734
[22839330],18470226
[14548108],14207695
[18565],49996
[13],1
[3913],2785
[2105987],1871047
[1322451],1214780
[162136],200233
[3164766],2577641
[2593566],2500822
[2265684],2190499
[556],3444
[49],22
[43],3
[588870],496412
[9459012],10802293
[17654],12348
[2714479],2856797
[8753418],6066347
[2443826],2464294
[28320656],28148624
[39225926],38608324
[5],2
[124],28
[85988],117824
[4173958],4123013
[13241],11384
[17579034],16354356
[25747810],24692949
[4422347],4129147
[765700],863307
[2406537],3431410
[1622527],1648992
[137125228],146507839
[4091412],4791400
[4232031],3891082
[1122237],1010423
[106071],125981
[61],392
[433],1083
[48661],54150
[196232441],208470189
[819197],248035
[6377648],6112184
[182708555],188061986
[21799703],23138462
[2084052],2105622
[41],414
[16371868],16892742
[301],283
[3421506],3789147
[4050622],4144209
[16],54
[202116123],196822119
[1095],273
[99773],80563
[966301],947467
[36502],37662
[2705],2976
[2589077],2417968
[196422452],211241006
[28442610],29042893
[11],12
[64580],61349
[115],1682
[737],2144
[165618],119163
[360299],403001
[4008171],3638385
[7174808],7513868
[463052],268326
[9444684],8946570
[11283104],10282670
[345236],368332
[17521608],16204139
[3612377],3865640
[20],5
[8938097],8239032
[1380514],1243593
[16213],14583
[44534792],62707942
[12],442
[25207116],28955192
[13],4
[539453],496307
[14935],17682
[340],570
[587096],499966
[167135],167195
[59749],61172
[1437682],1777529
[97287],185225
[253428],146708
[19656],12481
[1251301],1274246
[20759188],20579284
[126723],107804
[1011703],935014
[39997],65687
[4287922],4221685
[53],32
[26],16
[2740057],2389476
[8],1
[2475471],2197708
[1314970],1381693
[80],388
[796739],658924
[78100456],95071090
[1771727],1640286
[28876555],25291056
[64],13
[722977],619926
[13084],9466
[55],3
[71],34
[25167],40292
[2043034],2107968
[11428150],11231877
[37102],37295
[3595533],3447985
[40],22
[77],160
[27716704],27786331
[41511],53630
[4305512],4391331
[697],1211
[2820351],3149821
[1573527],1597791
[50292],41443
[20720621],27321443
[4049611],4046459
[5989830],5563923
[568331],568618
[163688],225735
[3918075],3893394
[474614],441681
[14882534],12818510
[106],10
[5991183],6120001
[49],73
[3558058],3574769
[66720503],59928559
[8257908],8776954
[130458482],127781099
[938092],977079
[173573],201396
[119163],132382
[10527],5496
[8354782],8389919
[44296],12897
[10566],17622
[59099],79439
[414418],353845
[74],143
[26472338],23290256
[24],522
[5766002],6606420
[1042],1059
[8],15
[38],236
[4489482],3765028
[129550],142841
[331],44
[3714],2782
[875],1813
[70],176
[11131],11105
[3028423],3205060
